payout,half_life,tiers,wall_days,seed_sol,sell_frac,seed,competitive_days,peak_miners,final_miners,total_claims,unique_miners,gini,price_end_ratio,catches,tokens_emitted,mean_sell,mean_apy,mean_sol_apy
2400,30,jackpot,14,0,0.3,0,30,200,200.0,6276,200,0.545,19.388,True,37808703.0,0.3,0.0,0.0
2400,30,jackpot,14,0,0.3,1,30,200,200.0,5852,200,0.576,21.347,True,35028065.0,0.3,0.0,0.0
2400,30,jackpot,14,0,0.3,2,30,200,200.0,6473,200,0.578,19.433,True,37779859.0,0.3,0.0,0.0
2400,30,jackpot,14,0,0.5,0,30,200,200.0,6276,200,0.545,12.084,True,37808703.0,0.5,0.0,0.0
2400,30,jackpot,14,0,0.5,1,1,116,0.0,163,116,0.633,0.02,False,1171670.0,0.5,0.0,0.0
2400,30,jackpot,14,0,0.5,2,30,200,200.0,6473,200,0.578,9.833,True,37779859.0,0.5,0.0,0.0
2400,30,jackpot,14,0,0.7,0,30,200,200.0,6276,200,0.545,7.044,True,37808703.0,0.7,0.0,0.0
2400,30,jackpot,14,0,0.7,1,1,116,0.0,163,116,0.633,0.02,False,1171670.0,0.7,0.0,0.0
2400,30,jackpot,14,0,0.7,2,3,200,0.0,593,200,0.584,0.02,False,4539144.0,0.7,0.0,0.0
2400,30,jackpot,14,2,0.3,0,5,200,0.0,986,200,0.548,0.02,False,8049654.0,0.3,0.0,0.0
2400,30,jackpot,14,2,0.3,1,5,200,0.0,935,200,0.6,0.02,False,8345071.0,0.3,0.0,0.0
2400,30,jackpot,14,2,0.3,2,5,200,0.0,1013,200,0.585,0.02,False,7037130.0,0.3,0.0,0.0
2400,30,jackpot,14,2,0.5,0,5,200,0.0,972,200,0.551,0.02,False,7991789.0,0.5,0.0,0.0
2400,30,jackpot,14,2,0.5,1,2,116,0.0,299,116,0.633,0.027,False,2911766.0,0.5,0.0,0.0
2400,30,jackpot,14,2,0.5,2,5,200,0.0,1002,200,0.59,0.02,False,6991665.0,0.5,0.0,0.0
2400,30,jackpot,14,2,0.7,0,5,200,0.0,876,200,0.556,0.02,False,6077924.0,0.7,0.0,0.0
2400,30,jackpot,14,2,0.7,1,4,200,0.0,730,200,0.595,0.02,False,5064595.0,0.7,0.0,0.0
2400,30,jackpot,14,2,0.7,2,5,200,0.0,917,200,0.6,0.02,False,6401885.0,0.7,0.0,0.0
2400,30,jackpot,14,5,0.3,0,5,200,0.0,960,200,0.551,0.02,False,7942378.0,0.3,0.0,0.0
2400,30,jackpot,14,5,0.3,1,6,200,0.0,1050,200,0.606,0.02,False,8495084.0,0.3,0.0,0.0
2400,30,jackpot,14,5,0.3,2,5,200,0.0,978,200,0.592,0.02,False,6892844.0,0.3,0.0,0.0
2400,30,jackpot,14,5,0.5,0,6,200,0.0,1116,200,0.554,0.02,False,8699359.0,0.5,0.0,0.0
2400,30,jackpot,14,5,0.5,1,2,116,0.0,321,116,0.637,0.54,False,3137289.0,0.5,0.0,0.0
2400,30,jackpot,14,5,0.5,2,6,200,0.0,1102,200,0.596,0.02,False,7533293.0,0.5,0.0,0.0
2400,30,jackpot,14,5,0.7,0,20,200,180.3,3896,200,0.567,2.619,True,21306631.0,0.7,0.0,0.0
2400,30,jackpot,14,5,0.7,1,2,116,0.0,290,116,0.646,0.475,False,2635475.0,0.7,0.0,0.0
2400,30,jackpot,14,5,0.7,2,7,200,0.0,1321,200,0.653,0.02,False,8144768.0,0.7,0.0,0.0
2400,30,jackpot,14,10,0.3,0,6,200,0.0,1107,200,0.552,0.02,False,9087898.0,0.3,0.0,0.0
2400,30,jackpot,14,10,0.3,1,8,200,0.0,1370,200,0.603,0.02,False,10862444.0,0.3,0.0,0.0
2400,30,jackpot,14,10,0.3,2,7,200,0.0,1323,200,0.596,0.02,False,8562974.0,0.3,0.0,0.0
2400,30,jackpot,14,10,0.5,0,22,200,32.7,3774,200,0.579,1.025,False,25684398.0,0.5,0.0,0.0
2400,30,jackpot,14,10,0.5,1,8,200,0.0,1442,200,0.618,0.02,False,10630458.0,0.5,0.0,0.0
2400,30,jackpot,14,10,0.5,2,8,200,0.0,1462,200,0.603,0.02,False,8759101.0,0.5,0.0,0.0
2400,30,jackpot,14,10,0.7,0,11,200,0.0,2126,200,0.623,0.207,False,11378798.0,0.7,0.0,0.0
2400,30,jackpot,14,10,0.7,1,7,200,0.0,1111,200,0.626,0.02,False,7812736.0,0.7,0.0,0.0
2400,30,jackpot,14,10,0.7,2,4,107,3.0,1091,107,0.655,0.628,False,7266156.0,0.7,0.0,0.0
2400,30,jackpot,14,20,0.3,0,30,200,82.0,5129,200,0.562,1.388,True,32207231.0,0.3,0.0,0.0
2400,30,jackpot,14,20,0.3,1,28,197,66.0,4184,197,0.63,1.348,True,26328710.0,0.3,0.0,0.0
2400,30,jackpot,14,20,0.3,2,30,200,121.7,5735,200,0.598,1.741,True,31108395.0,0.3,0.0,0.0
2400,30,jackpot,14,20,0.5,0,10,117,9.7,1721,117,0.549,0.779,False,11447699.0,0.5,0.0,0.0
2400,30,jackpot,14,20,0.5,1,16,116,21.0,2002,116,0.598,0.978,False,13327659.0,0.5,0.0,0.0
2400,30,jackpot,14,20,0.5,2,12,107,4.0,1931,107,0.601,0.736,False,12049048.0,0.5,0.0,0.0
2400,30,jackpot,14,20,0.7,0,6,117,5.0,1336,117,0.595,0.729,False,9379538.0,0.7,0.0,0.0
2400,30,jackpot,14,20,0.7,1,9,116,15.3,1269,116,0.589,0.923,False,8760329.0,0.7,0.0,0.0
2400,30,jackpot,14,20,0.7,2,7,107,4.0,1486,107,0.622,0.733,False,9079417.0,0.7,0.0,0.0
