payout,half_life,tiers,seed_sol,wall_days,sell_frac,seed,competitive_days,peak_miners,final_miners,total_claims,unique_miners,gini,price_end_ratio,catches,tokens_emitted
2400,7,diffuse,20,7,0.3,0,0,1,0.0,69,1,0.0,1.687,False,114096.0
2400,7,diffuse,20,7,0.3,1,0,0,0.0,56,0,0.0,1.637,False,94749.0
2400,7,diffuse,20,7,0.3,2,0,2,0.0,55,2,0.48,1.714,False,90956.0
2400,7,diffuse,20,7,0.5,0,0,1,0.0,69,1,0.0,1.684,False,114096.0
2400,7,diffuse,20,7,0.5,1,0,0,0.0,56,0,0.0,1.637,False,94749.0
2400,7,diffuse,20,7,0.5,2,0,2,0.0,54,2,0.483,1.705,False,90879.0
2400,7,diffuse,20,7,0.7,0,0,1,0.0,69,1,0.0,1.681,False,114096.0
2400,7,diffuse,20,7,0.7,1,0,0,0.0,56,0,0.0,1.637,False,94749.0
2400,7,diffuse,20,7,0.7,2,0,2,0.0,54,2,0.483,1.702,False,90879.0
2400,7,diffuse,20,14,0.3,0,0,1,0.0,66,1,0.0,1.673,False,106593.0
2400,7,diffuse,20,14,0.3,1,0,0,0.0,56,0,0.0,1.65,False,94749.0
2400,7,diffuse,20,14,0.3,2,0,2,0.0,45,2,0.486,1.671,False,78045.0
2400,7,diffuse,20,14,0.5,0,0,1,0.0,66,1,0.0,1.672,False,106593.0
2400,7,diffuse,20,14,0.5,1,0,0,0.0,56,0,0.0,1.65,False,94749.0
2400,7,diffuse,20,14,0.5,2,0,2,0.0,45,2,0.486,1.669,False,78045.0
2400,7,diffuse,20,14,0.7,0,0,1,0.0,66,1,0.0,1.67,False,106593.0
2400,7,diffuse,20,14,0.7,1,0,0,0.0,56,0,0.0,1.65,False,94749.0
2400,7,diffuse,20,14,0.7,2,0,2,0.0,45,2,0.486,1.668,False,78045.0
2400,7,diffuse,50,7,0.3,0,0,1,0.0,69,1,0.0,1.636,False,114096.0
2400,7,diffuse,50,7,0.3,1,0,0,0.0,56,0,0.0,1.618,False,94749.0
2400,7,diffuse,50,7,0.3,2,0,2,0.0,53,2,0.483,1.64,False,87017.0
2400,7,diffuse,50,7,0.5,0,0,1,0.0,69,1,0.0,1.635,False,114096.0
2400,7,diffuse,50,7,0.5,1,0,0,0.0,56,0,0.0,1.618,False,94749.0
2400,7,diffuse,50,7,0.5,2,0,2,0.0,53,2,0.483,1.639,False,87017.0
2400,7,diffuse,50,7,0.7,0,0,1,0.0,69,1,0.0,1.634,False,114096.0
2400,7,diffuse,50,7,0.7,1,0,0,0.0,56,0,0.0,1.618,False,94749.0
2400,7,diffuse,50,7,0.7,2,0,2,0.0,53,2,0.483,1.638,False,87017.0
2400,7,diffuse,50,14,0.3,0,0,1,0.0,66,1,0.0,1.638,False,106593.0
2400,7,diffuse,50,14,0.3,1,0,0,0.0,56,0,0.0,1.63,False,94749.0
2400,7,diffuse,50,14,0.3,2,0,2,0.0,43,2,0.48,1.636,False,72961.0
2400,7,diffuse,50,14,0.5,0,0,1,0.0,66,1,0.0,1.638,False,106593.0
2400,7,diffuse,50,14,0.5,1,0,0,0.0,56,0,0.0,1.63,False,94749.0
2400,7,diffuse,50,14,0.5,2,0,2,0.0,43,2,0.48,1.635,False,72961.0
2400,7,diffuse,50,14,0.7,0,0,1,0.0,66,1,0.0,1.637,False,106593.0
2400,7,diffuse,50,14,0.7,1,0,0,0.0,56,0,0.0,1.63,False,94749.0
2400,7,diffuse,50,14,0.7,2,0,2,0.0,43,2,0.48,1.635,False,72961.0
2400,7,mid,20,7,0.3,0,7,200,0.0,82738,200,0.571,0.02,False,3805527.0
2400,7,mid,20,7,0.3,1,0,8,0.0,104,8,0.431,1.984,False,234132.0
2400,7,mid,20,7,0.3,2,20,200,47.0,131197,200,0.603,19.614,False,5422906.0
2400,7,mid,20,7,0.5,0,17,200,5.7,86101,200,0.57,12.542,False,4761385.0
2400,7,mid,20,7,0.5,1,0,8,0.0,104,8,0.432,1.971,False,234082.0
2400,7,mid,20,7,0.5,2,17,200,10.3,88067,200,0.628,14.111,False,3986019.0
2400,7,mid,20,7,0.7,0,11,188,0.7,3372,188,0.608,7.778,False,2871547.0
2400,7,mid,20,7,0.7,1,0,8,0.0,104,8,0.432,1.958,False,234082.0
2400,7,mid,20,7,0.7,2,0,34,0.0,693,34,0.684,3.771,False,968217.0
2400,7,mid,20,14,0.3,0,0,17,0.0,598,17,0.551,4.303,False,843967.0
2400,7,mid,20,14,0.3,1,0,8,0.0,85,8,0.44,1.785,False,206828.0
2400,7,mid,20,14,0.3,2,0,12,0.0,241,12,0.675,2.279,False,514807.0
2400,7,mid,20,14,0.5,0,0,17,0.0,489,17,0.546,3.411,False,778988.0
2400,7,mid,20,14,0.5,1,0,8,0.0,85,8,0.44,1.779,False,206828.0
2400,7,mid,20,14,0.5,2,0,12,0.0,202,12,0.676,2.074,False,470618.0
2400,7,mid,20,14,0.7,0,0,17,0.0,338,17,0.542,2.491,False,639670.0
2400,7,mid,20,14,0.7,1,0,8,0.0,85,8,0.442,1.772,False,206377.0
2400,7,mid,20,14,0.7,2,0,12,0.0,180,12,0.675,1.951,False,429545.0
2400,7,mid,50,7,0.3,0,0,17,0.0,334,17,0.545,1.944,False,643028.0
2400,7,mid,50,7,0.3,1,0,8,0.0,97,8,0.447,1.716,False,224414.0
2400,7,mid,50,7,0.3,2,0,12,0.0,266,12,0.671,1.873,False,545999.0
2400,7,mid,50,7,0.5,0,0,17,0.0,328,17,0.546,1.916,False,638818.0
2400,7,mid,50,7,0.5,1,0,8,0.0,97,8,0.447,1.713,False,224414.0
2400,7,mid,50,7,0.5,2,0,12,0.0,266,12,0.672,1.85,False,545553.0
2400,7,mid,50,7,0.7,0,0,17,0.0,329,17,0.547,1.889,False,638054.0
2400,7,mid,50,7,0.7,1,0,8,0.0,97,8,0.447,1.709,False,224414.0
2400,7,mid,50,7,0.7,2,0,12,0.0,249,12,0.678,1.818,False,540161.0
2400,7,mid,50,14,0.3,0,0,17,0.0,185,17,0.545,1.722,False,419574.0
2400,7,mid,50,14,0.3,1,0,8,0.0,80,8,0.447,1.667,False,197680.0
2400,7,mid,50,14,0.3,2,0,12,0.0,140,12,0.653,1.701,False,337569.0
2400,7,mid,50,14,0.5,0,0,17,0.0,182,17,0.545,1.709,False,408815.0
2400,7,mid,50,14,0.5,1,0,8,0.0,80,8,0.447,1.665,False,197680.0
2400,7,mid,50,14,0.5,2,0,12,0.0,140,12,0.653,1.692,False,337569.0
2400,7,mid,50,14,0.7,0,0,17,0.0,182,17,0.545,1.698,False,408815.0
2400,7,mid,50,14,0.7,1,0,8,0.0,80,8,0.447,1.663,False,197680.0
2400,7,mid,50,14,0.7,2,0,12,0.0,139,12,0.66,1.683,False,336012.0
2400,7,jackpot,20,7,0.3,0,9,200,0.0,2676,200,0.565,0.02,False,8957942.0
2400,7,jackpot,20,7,0.3,1,9,200,0.0,2583,200,0.615,0.02,False,8572221.0
2400,7,jackpot,20,7,0.3,2,9,200,0.0,2832,200,0.616,0.02,False,9027228.0
2400,7,jackpot,20,7,0.5,0,19,200,1.0,5660,200,0.574,4.318,False,12469465.0
2400,7,jackpot,20,7,0.5,1,19,200,0.3,5188,200,0.624,4.584,False,11852817.0
2400,7,jackpot,20,7,0.5,2,20,200,0.7,5907,200,0.632,4.479,False,12532866.0
2400,7,jackpot,20,7,0.7,0,4,109,0.0,1258,109,0.55,1.428,False,4686076.0
2400,7,jackpot,20,7,0.7,1,3,110,0.0,1333,110,0.588,2.292,False,4528563.0
2400,7,jackpot,20,7,0.7,2,4,103,0.0,1349,103,0.603,1.45,False,4744142.0
2400,7,jackpot,20,14,0.3,0,25,200,21.7,7668,200,0.563,7.961,False,14104750.0
2400,7,jackpot,20,14,0.3,1,25,200,20.3,7214,200,0.608,8.546,False,13377651.0
2400,7,jackpot,20,14,0.3,2,19,200,0.0,5676,200,0.63,4.194,False,12482340.0
2400,7,jackpot,20,14,0.5,0,4,109,0.0,1196,109,0.548,1.667,False,4528929.0
2400,7,jackpot,20,14,0.5,1,3,110,0.0,989,110,0.591,1.691,False,3925893.0
2400,7,jackpot,20,14,0.5,2,4,103,0.0,1182,103,0.605,1.458,False,4425415.0
2400,7,jackpot,20,14,0.7,0,3,109,0.0,893,109,0.555,1.3,False,3674719.0
2400,7,jackpot,20,14,0.7,1,2,110,0.0,720,110,0.577,1.409,False,3077496.0
2400,7,jackpot,20,14,0.7,2,3,103,0.0,900,103,0.607,1.187,False,3638039.0
2400,7,jackpot,50,7,0.3,0,13,127,0.0,2901,127,0.548,2.431,False,8297025.0
2400,7,jackpot,50,7,0.3,1,13,125,0.0,2740,125,0.64,2.438,False,8137035.0
2400,7,jackpot,50,7,0.3,2,13,111,0.0,2925,111,0.605,2.311,False,8415089.0
2400,7,jackpot,50,7,0.5,0,11,109,0.0,2352,109,0.515,1.853,False,7283576.0
2400,7,jackpot,50,7,0.5,1,10,110,0.0,2172,110,0.614,1.87,False,7117529.0
2400,7,jackpot,50,7,0.5,2,10,103,0.0,2393,103,0.591,1.766,False,7489741.0
2400,7,jackpot,50,7,0.7,0,9,109,0.0,1889,109,0.518,1.552,False,6291410.0
2400,7,jackpot,50,7,0.7,1,8,110,0.0,1709,110,0.611,1.56,False,6090345.0
2400,7,jackpot,50,7,0.7,2,9,103,0.0,1951,103,0.593,1.471,False,6479334.0
2400,7,jackpot,50,14,0.3,0,8,109,0.0,2031,109,0.528,2.146,False,6403133.0
2400,7,jackpot,50,14,0.3,1,7,110,0.0,1648,110,0.602,2.066,False,5836505.0
2400,7,jackpot,50,14,0.3,2,8,103,0.0,2047,103,0.588,2.082,False,6580351.0
2400,7,jackpot,50,14,0.5,0,5,109,0.0,1480,109,0.541,1.681,False,5217985.0
2400,7,jackpot,50,14,0.5,1,4,110,0.0,1166,110,0.592,1.669,False,4513237.0
2400,7,jackpot,50,14,0.5,2,5,103,0.0,1482,103,0.593,1.612,False,5263291.0
2400,7,jackpot,50,14,0.7,0,4,109,0.0,1177,109,0.539,1.455,False,4492008.0
2400,7,jackpot,50,14,0.7,1,3,110,0.0,991,110,0.592,1.487,False,3967001.0
2400,7,jackpot,50,14,0.7,2,4,103,0.0,1250,103,0.599,1.417,False,4626663.0
2400,14,diffuse,20,7,0.3,0,0,1,0.0,99,1,0.0,1.682,False,143779.0
2400,14,diffuse,20,7,0.3,1,0,1,0.0,58,1,0.0,1.64,False,98816.0
2400,14,diffuse,20,7,0.3,2,0,3,0.0,78,3,0.605,1.75,False,130140.0
2400,14,diffuse,20,7,0.5,0,0,1,0.0,99,1,0.0,1.676,False,143779.0
2400,14,diffuse,20,7,0.5,1,0,1,0.0,58,1,0.0,1.64,False,98816.0
2400,14,diffuse,20,7,0.5,2,0,3,0.0,78,3,0.605,1.743,False,130140.0
2400,14,diffuse,20,7,0.7,0,0,1,0.0,97,1,0.0,1.671,False,141631.0
2400,14,diffuse,20,7,0.7,1,0,1,0.0,58,1,0.0,1.639,False,98816.0
2400,14,diffuse,20,7,0.7,2,0,3,0.0,78,3,0.605,1.735,False,130140.0
2400,14,diffuse,20,14,0.3,0,0,1,0.0,99,1,0.0,1.7,False,143779.0
2400,14,diffuse,20,14,0.3,1,0,0,0.0,56,0,0.0,1.65,False,94749.0
2400,14,diffuse,20,14,0.3,2,0,2,0.0,70,2,0.481,1.726,False,119478.0
2400,14,diffuse,20,14,0.5,0,0,1,0.0,99,1,0.0,1.694,False,143779.0
2400,14,diffuse,20,14,0.5,1,0,0,0.0,56,0,0.0,1.65,False,94749.0
2400,14,diffuse,20,14,0.5,2,0,2,0.0,70,2,0.481,1.721,False,119478.0
2400,14,diffuse,20,14,0.7,0,0,1,0.0,99,1,0.0,1.688,False,143779.0
2400,14,diffuse,20,14,0.7,1,0,0,0.0,56,0,0.0,1.65,False,94749.0
2400,14,diffuse,20,14,0.7,2,0,2,0.0,70,2,0.481,1.715,False,119478.0
2400,14,diffuse,50,7,0.3,0,0,1,0.0,97,1,0.0,1.634,False,141631.0
2400,14,diffuse,50,7,0.3,1,0,1,0.0,58,1,0.0,1.618,False,98215.0
2400,14,diffuse,50,7,0.3,2,0,3,0.0,75,3,0.616,1.655,False,125486.0
2400,14,diffuse,50,7,0.5,0,0,1,0.0,97,1,0.0,1.632,False,141631.0
2400,14,diffuse,50,7,0.5,1,0,1,0.0,58,1,0.0,1.617,False,98215.0
2400,14,diffuse,50,7,0.5,2,0,3,0.0,75,3,0.616,1.653,False,125486.0
2400,14,diffuse,50,7,0.7,0,0,1,0.0,97,1,0.0,1.63,False,141631.0
2400,14,diffuse,50,7,0.7,1,0,1,0.0,58,1,0.0,1.617,False,98215.0
2400,14,diffuse,50,7,0.7,2,0,3,0.0,75,3,0.616,1.65,False,125486.0
2400,14,diffuse,50,14,0.3,0,0,1,0.0,97,1,0.0,1.648,False,141631.0
2400,14,diffuse,50,14,0.3,1,0,0,0.0,56,0,0.0,1.63,False,94749.0
2400,14,diffuse,50,14,0.3,2,0,2,0.0,63,2,0.482,1.651,False,107894.0
2400,14,diffuse,50,14,0.5,0,0,1,0.0,97,1,0.0,1.646,False,141631.0
2400,14,diffuse,50,14,0.5,1,0,0,0.0,56,0,0.0,1.63,False,94749.0
2400,14,diffuse,50,14,0.5,2,0,2,0.0,63,2,0.482,1.649,False,107894.0
2400,14,diffuse,50,14,0.7,0,0,1,0.0,97,1,0.0,1.644,False,141631.0
2400,14,diffuse,50,14,0.7,1,0,0,0.0,56,0,0.0,1.63,False,94749.0
2400,14,diffuse,50,14,0.7,2,0,2,0.0,63,2,0.482,1.648,False,107894.0
2400,14,mid,20,7,0.3,0,7,200,0.0,83022,200,0.555,0.02,False,6292145.0
2400,14,mid,20,7,0.3,1,8,200,0.0,77765,200,0.57,0.02,False,5202159.0
2400,14,mid,20,7,0.3,2,7,200,0.0,64252,200,0.596,0.02,False,5631973.0
2400,14,mid,20,7,0.5,0,7,200,0.0,62705,200,0.559,0.02,False,5479399.0
2400,14,mid,20,7,0.5,1,9,200,0.3,78388,200,0.574,2.45,False,5535862.0
2400,14,mid,20,7,0.5,2,7,200,0.0,64168,200,0.595,0.02,False,5469213.0
2400,14,mid,20,7,0.7,0,17,200,14.3,65285,200,0.57,3.581,False,8651960.0
2400,14,mid,20,7,0.7,1,11,190,4.0,2948,190,0.628,3.258,False,4157204.0
2400,14,mid,20,7,0.7,2,15,200,4.7,45909,200,0.619,3.214,False,7683818.0
2400,14,mid,20,14,0.3,0,9,200,0.0,83939,200,0.566,0.02,False,5912875.0
2400,14,mid,20,14,0.3,1,0,8,0.0,163,8,0.437,2.024,False,322182.0
2400,14,mid,20,14,0.3,2,8,200,0.0,85133,200,0.613,0.02,False,5495049.0
2400,14,mid,20,14,0.5,0,10,200,0.0,83992,200,0.575,0.02,False,5674468.0
2400,14,mid,20,14,0.5,1,0,8,0.0,163,8,0.438,1.996,False,321847.0
2400,14,mid,20,14,0.5,2,17,200,58.3,66403,200,0.64,5.142,True,6192355.0
2400,14,mid,20,14,0.7,0,10,97,6.3,2206,97,0.616,3.227,False,2844599.0
2400,14,mid,20,14,0.7,1,0,8,0.0,159,8,0.435,1.971,False,319383.0
2400,14,mid,20,14,0.7,2,0,29,2.0,986,29,0.685,2.531,False,1498458.0
2400,14,mid,50,7,0.3,0,0,33,0.7,785,33,0.592,1.962,False,1414323.0
2400,14,mid,50,7,0.3,1,0,18,0.0,223,18,0.424,1.776,False,438810.0
2400,14,mid,50,7,0.3,2,0,34,0.0,819,34,0.66,1.936,False,1485639.0
2400,14,mid,50,7,0.5,0,0,33,0.3,739,33,0.594,1.887,False,1359032.0
2400,14,mid,50,7,0.5,1,0,18,0.0,217,18,0.425,1.762,False,436373.0
2400,14,mid,50,7,0.5,2,0,31,0.0,759,31,0.649,1.854,False,1402086.0
2400,14,mid,50,7,0.7,0,0,30,0.0,667,30,0.61,1.829,False,1251929.0
2400,14,mid,50,7,0.7,1,0,18,0.0,216,18,0.427,1.748,False,434689.0
2400,14,mid,50,7,0.7,2,0,30,0.0,679,30,0.655,1.788,False,1321342.0
2400,14,mid,50,14,0.3,0,0,17,0.7,621,17,0.547,1.936,False,1131436.0
2400,14,mid,50,14,0.3,1,0,8,0.0,147,8,0.442,1.739,False,303212.0
2400,14,mid,50,14,0.3,2,0,12,0.0,494,12,0.676,1.865,False,968592.0
2400,14,mid,50,14,0.5,0,0,17,0.3,604,17,0.55,1.881,False,1114496.0
2400,14,mid,50,14,0.5,1,0,8,0.0,147,8,0.442,1.732,False,303212.0
2400,14,mid,50,14,0.5,2,0,12,0.0,493,12,0.677,1.821,False,965082.0
2400,14,mid,50,14,0.7,0,0,17,0.3,582,17,0.548,1.831,False,1091719.0
2400,14,mid,50,14,0.7,1,0,8,0.0,147,8,0.448,1.722,False,301520.0
2400,14,mid,50,14,0.7,2,0,12,0.0,458,12,0.678,1.778,False,931831.0
2400,14,jackpot,20,7,0.3,0,28,200,67.3,8336,200,0.556,2.771,True,23686007.0
2400,14,jackpot,20,7,0.3,1,21,200,18.3,5890,200,0.61,2.077,False,18668002.0
2400,14,jackpot,20,7,0.3,2,9,200,0.0,2888,200,0.601,0.02,False,11268745.0
2400,14,jackpot,20,7,0.5,0,20,200,9.3,5881,200,0.572,1.698,False,18589209.0
2400,14,jackpot,20,7,0.5,1,20,200,11.0,5580,200,0.615,1.879,False,17816591.0
2400,14,jackpot,20,7,0.5,2,18,193,3.7,5472,193,0.627,1.536,False,17396461.0
2400,14,jackpot,20,7,0.7,0,6,109,0.0,1604,109,0.541,0.825,False,6571206.0
2400,14,jackpot,20,7,0.7,1,5,110,0.0,1603,110,0.582,1.058,False,6461611.0
2400,14,jackpot,20,7,0.7,2,6,103,0.0,1651,103,0.6,0.821,False,6628265.0
2400,14,jackpot,20,14,0.3,0,29,200,76.3,8456,200,0.559,2.91,True,23472655.0
2400,14,jackpot,20,14,0.3,1,30,200,91.7,8274,200,0.598,3.205,True,22411077.0
2400,14,jackpot,20,14,0.3,2,30,200,86.0,8858,200,0.603,3.021,True,24093977.0
2400,14,jackpot,20,14,0.5,0,6,109,2.0,2195,109,0.569,1.436,False,8041405.0
2400,14,jackpot,20,14,0.5,1,18,149,35.0,4011,149,0.651,2.442,False,10973531.0
2400,14,jackpot,20,14,0.5,2,9,103,4.0,2513,103,0.616,1.592,False,8399115.0
2400,14,jackpot,20,14,0.7,0,4,109,1.0,1612,109,0.592,1.196,False,6146420.0
2400,14,jackpot,20,14,0.7,1,3,110,2.7,1438,110,0.608,1.473,False,5454969.0
2400,14,jackpot,20,14,0.7,2,4,103,0.0,1711,103,0.642,1.12,False,6461850.0
2400,14,jackpot,50,7,0.3,0,19,165,10.3,5165,165,0.548,1.716,False,16569582.0
2400,14,jackpot,50,7,0.3,1,19,159,7.7,4608,159,0.629,1.806,False,15050518.0
2400,14,jackpot,50,7,0.3,2,19,164,5.7,5338,164,0.609,1.678,False,16767619.0
2400,14,jackpot,50,7,0.5,0,14,138,1.0,3623,138,0.543,1.328,False,12413489.0
2400,14,jackpot,50,7,0.5,1,14,131,1.7,3175,131,0.635,1.386,False,11549005.0
2400,14,jackpot,50,7,0.5,2,14,123,2.7,3560,123,0.617,1.296,False,12301521.0
2400,14,jackpot,50,7,0.7,0,12,109,1.0,2736,109,0.52,1.139,False,10104217.0
2400,14,jackpot,50,7,0.7,1,11,110,0.3,2428,110,0.601,1.185,False,9435803.0
2400,14,jackpot,50,7,0.7,2,11,103,0.0,2772,103,0.589,1.091,False,10278255.0
2400,14,jackpot,50,14,0.3,0,19,109,9.3,4076,109,0.516,1.7,False,13174739.0
2400,14,jackpot,50,14,0.3,1,18,110,6.3,3787,110,0.612,1.728,False,12785857.0
2400,14,jackpot,50,14,0.3,2,19,103,4.7,4294,103,0.59,1.631,False,13719460.0
2400,14,jackpot,50,14,0.5,0,12,109,1.0,2851,109,0.532,1.328,False,10104632.0
2400,14,jackpot,50,14,0.5,1,9,110,2.0,2351,110,0.585,1.414,False,8877427.0
2400,14,jackpot,50,14,0.5,2,11,103,2.7,2924,103,0.593,1.284,False,10189811.0
2400,14,jackpot,50,14,0.7,0,7,109,1.0,2246,109,0.555,1.181,False,8328361.0
2400,14,jackpot,50,14,0.7,1,6,110,0.7,1846,110,0.583,1.298,False,7209164.0
2400,14,jackpot,50,14,0.7,2,7,103,0.7,2273,103,0.598,1.166,False,8507675.0
2400,30,diffuse,20,7,0.3,0,0,5,1.0,160,5,0.543,1.729,False,262961.0
2400,30,diffuse,20,7,0.3,1,0,3,0.0,86,3,0.056,1.678,False,140768.0
2400,30,diffuse,20,7,0.3,2,0,6,2.3,175,6,0.653,1.793,False,238772.0
2400,30,diffuse,20,7,0.5,0,0,5,1.0,160,5,0.547,1.708,False,261884.0
2400,30,diffuse,20,7,0.5,1,0,3,0.0,86,3,0.056,1.673,False,140768.0
2400,30,diffuse,20,7,0.5,2,0,6,1.7,175,6,0.659,1.772,False,237482.0
2400,30,diffuse,20,7,0.7,0,0,5,1.0,155,5,0.552,1.689,False,259031.0
2400,30,diffuse,20,7,0.7,1,0,3,0.0,86,3,0.056,1.668,False,140768.0
2400,30,diffuse,20,7,0.7,2,0,5,1.3,159,5,0.629,1.749,False,228736.0
2400,30,diffuse,20,14,0.3,0,0,1,1.0,121,1,0.0,1.692,False,192041.0
2400,30,diffuse,20,14,0.3,1,0,1,0.0,64,1,0.0,1.654,False,105078.0
2400,30,diffuse,20,14,0.3,2,0,3,1.7,150,3,0.601,1.763,False,208336.0
2400,30,diffuse,20,14,0.5,0,0,1,1.0,121,1,0.0,1.681,False,192041.0
2400,30,diffuse,20,14,0.5,1,0,1,0.0,64,1,0.0,1.653,False,105078.0
2400,30,diffuse,20,14,0.5,2,0,3,1.3,147,3,0.602,1.746,False,204626.0
2400,30,diffuse,20,14,0.7,0,0,1,1.0,121,1,0.0,1.67,False,192041.0
2400,30,diffuse,20,14,0.7,1,0,1,0.0,64,1,0.0,1.652,False,105078.0
2400,30,diffuse,20,14,0.7,2,0,3,1.0,147,3,0.604,1.73,False,204221.0
2400,30,diffuse,50,7,0.3,0,0,5,1.0,150,5,0.571,1.646,False,250997.0
2400,30,diffuse,50,7,0.3,1,0,3,0.0,83,3,0.052,1.633,False,138400.0
2400,30,diffuse,50,7,0.3,2,0,4,0.0,149,4,0.644,1.665,False,205924.0
2400,30,diffuse,50,7,0.5,0,0,5,1.0,150,5,0.575,1.639,False,249868.0
2400,30,diffuse,50,7,0.5,1,0,3,0.0,83,3,0.052,1.631,False,138400.0
2400,30,diffuse,50,7,0.5,2,0,4,0.0,149,4,0.645,1.659,False,205569.0
2400,30,diffuse,50,7,0.7,0,0,5,1.0,150,5,0.575,1.632,False,249868.0
2400,30,diffuse,50,7,0.7,1,0,3,0.0,83,3,0.052,1.629,False,138400.0
2400,30,diffuse,50,7,0.7,2,0,4,0.0,149,4,0.646,1.654,False,205500.0
2400,30,diffuse,50,14,0.3,0,0,1,1.0,121,1,0.0,1.645,False,192041.0
2400,30,diffuse,50,14,0.3,1,0,1,0.0,62,1,0.0,1.631,False,104029.0
2400,30,diffuse,50,14,0.3,2,0,3,0.0,141,3,0.608,1.668,False,196200.0
2400,30,diffuse,50,14,0.5,0,0,1,1.0,121,1,0.0,1.641,False,192041.0
2400,30,diffuse,50,14,0.5,1,0,1,0.0,62,1,0.0,1.631,False,104029.0
2400,30,diffuse,50,14,0.5,2,0,3,0.0,141,3,0.608,1.663,False,196200.0
2400,30,diffuse,50,14,0.7,0,0,1,1.0,121,1,0.0,1.637,False,192041.0
2400,30,diffuse,50,14,0.7,1,0,1,0.0,62,1,0.0,1.63,False,104029.0
2400,30,diffuse,50,14,0.7,2,0,3,0.0,141,3,0.61,1.658,False,195776.0
2400,30,mid,20,7,0.3,0,7,200,0.0,62442,200,0.554,0.02,False,6671174.0
2400,30,mid,20,7,0.3,1,7,200,0.0,77987,200,0.572,0.02,False,6936862.0
2400,30,mid,20,7,0.3,2,7,200,0.0,64345,200,0.588,0.02,False,6629157.0
2400,30,mid,20,7,0.5,0,6,200,0.0,62389,200,0.556,0.02,False,6551822.0
2400,30,mid,20,7,0.5,1,7,200,0.0,58784,200,0.574,0.02,False,6108980.0
2400,30,mid,20,7,0.5,2,7,200,0.0,85161,200,0.59,0.02,False,7924511.0
2400,30,mid,20,7,0.7,0,16,200,24.0,45142,200,0.581,1.985,False,10822822.0
2400,30,mid,20,7,0.7,1,7,199,0.0,58960,199,0.577,1.14,False,6073529.0
2400,30,mid,20,7,0.7,2,10,200,6.0,65564,200,0.622,1.636,False,9145528.0
2400,30,mid,20,14,0.3,0,8,200,0.0,82834,200,0.556,0.02,False,7685971.0
2400,30,mid,20,14,0.3,1,10,200,0.0,78536,200,0.576,0.02,False,6957249.0
2400,30,mid,20,14,0.3,2,9,200,0.0,85838,200,0.593,0.02,False,8117154.0
2400,30,mid,20,14,0.5,0,24,200,83.7,87507,200,0.564,2.898,True,14073072.0
2400,30,mid,20,14,0.5,1,18,194,74.7,4268,194,0.62,2.773,True,7011836.0
2400,30,mid,20,14,0.5,2,24,200,83.7,68699,200,0.613,2.772,True,13207525.0
2400,30,mid,20,14,0.7,0,12,156,16.3,3217,156,0.597,1.73,False,6075887.0
2400,30,mid,20,14,0.7,1,7,98,17.7,1565,98,0.56,1.93,False,2820210.0
2400,30,mid,20,14,0.7,2,12,144,11.3,3057,144,0.661,1.705,False,5763280.0
2400,30,mid,50,7,0.3,0,9,76,20.0,2476,76,0.548,1.873,True,4652987.0
2400,30,mid,50,7,0.3,1,4,45,11.3,998,45,0.418,1.832,False,1873958.0
2400,30,mid,50,7,0.3,2,11,77,19.0,2510,77,0.616,1.862,False,4788582.0
2400,30,mid,50,7,0.5,0,7,68,14.0,2012,68,0.569,1.697,False,3878150.0
2400,30,mid,50,7,0.5,1,3,44,8.7,904,44,0.42,1.752,False,1733532.0
2400,30,mid,50,7,0.5,2,9,66,9.0,1986,66,0.63,1.687,False,3875231.0
2400,30,mid,50,7,0.7,0,6,57,8.0,1698,57,0.566,1.597,False,3325801.0
2400,30,mid,50,7,0.7,1,3,41,7.3,828,41,0.415,1.69,False,1600082.0
2400,30,mid,50,7,0.7,2,6,58,4.7,1710,58,0.623,1.579,False,3402734.0
2400,30,mid,50,14,0.3,0,0,39,20.3,1537,39,0.573,1.882,False,2776529.0
2400,30,mid,50,14,0.3,1,0,21,9.7,455,21,0.412,1.783,False,874391.0
2400,30,mid,50,14,0.3,2,1,39,19.0,1581,39,0.654,1.856,False,2912586.0
2400,30,mid,50,14,0.5,0,0,34,17.7,1341,34,0.594,1.761,False,2452694.0
2400,30,mid,50,14,0.5,1,0,21,8.3,437,21,0.411,1.745,False,840267.0
2400,30,mid,50,14,0.5,2,0,34,10.7,1403,34,0.663,1.718,False,2631248.0
2400,30,mid,50,14,0.7,0,0,29,13.7,1184,29,0.604,1.68,False,2202827.0
2400,30,mid,50,14,0.7,1,0,21,7.3,432,21,0.414,1.713,False,829531.0
2400,30,mid,50,14,0.7,2,0,29,5.7,1223,29,0.655,1.629,False,2356695.0
2400,30,jackpot,20,7,0.3,0,30,200,136.0,9497,200,0.555,1.889,True,35027621.0
2400,30,jackpot,20,7,0.3,1,30,200,138.0,8915,200,0.587,1.996,True,32542949.0
2400,30,jackpot,20,7,0.3,2,30,200,97.7,9196,200,0.605,1.6,True,33732451.0
2400,30,jackpot,20,7,0.5,0,19,196,20.7,5507,196,0.58,0.942,False,22384840.0
2400,30,jackpot,20,7,0.5,1,20,198,23.0,5431,198,0.619,1.065,False,21893373.0
2400,30,jackpot,20,7,0.5,2,15,172,6.3,4487,172,0.629,0.82,False,18299401.0
2400,30,jackpot,20,7,0.7,0,8,109,1.0,2049,109,0.552,0.655,False,8950122.0
2400,30,jackpot,20,7,0.7,1,8,110,3.0,1735,110,0.581,0.734,False,7907329.0
2400,30,jackpot,20,7,0.7,2,8,103,3.0,2026,103,0.608,0.64,False,8992503.0
2400,30,jackpot,20,14,0.3,0,30,200,106.7,8942,200,0.559,1.661,True,33171915.0
2400,30,jackpot,20,14,0.3,1,30,200,125.7,8610,200,0.595,1.834,True,31431717.0
2400,30,jackpot,20,14,0.3,2,30,200,114.3,9510,200,0.599,1.77,True,34360174.0
2400,30,jackpot,20,14,0.5,0,8,109,6.0,2593,109,0.564,0.778,False,10893343.0
2400,30,jackpot,20,14,0.5,1,14,110,23.3,2705,110,0.58,1.062,False,11070511.0
2400,30,jackpot,20,14,0.5,2,8,103,4.3,2689,103,0.612,0.782,False,11153378.0
2400,30,jackpot,20,14,0.7,0,5,109,4.3,1991,109,0.608,0.736,False,8718466.0
2400,30,jackpot,20,14,0.7,1,8,110,16.7,1942,110,0.596,0.96,False,8118937.0
2400,30,jackpot,20,14,0.7,2,5,103,4.0,2172,103,0.643,0.741,False,9099429.0
2400,30,jackpot,50,7,0.3,0,26,179,54.7,6845,179,0.557,1.252,True,26350734.0
2400,30,jackpot,50,7,0.3,1,26,180,52.7,6400,180,0.63,1.32,True,24504444.0
2400,30,jackpot,50,7,0.3,2,26,177,52.7,6958,177,0.605,1.22,True,26698895.0
2400,30,jackpot,50,7,0.5,0,18,150,22.0,4828,150,0.544,0.972,False,19340012.0
2400,30,jackpot,50,7,0.5,1,18,147,21.3,4365,147,0.633,1.041,False,17741434.0
2400,30,jackpot,50,7,0.5,2,18,148,22.0,5010,148,0.615,0.953,False,19557751.0
2400,30,jackpot,50,7,0.7,0,15,121,16.0,3635,121,0.544,0.861,False,15045014.0
2400,30,jackpot,50,7,0.7,1,13,117,11.7,3176,117,0.603,0.917,False,13603715.0
2400,30,jackpot,50,7,0.7,2,14,103,8.3,3724,103,0.592,0.837,False,15139029.0
2400,30,jackpot,50,14,0.3,0,26,124,53.3,5564,124,0.529,1.247,True,20994799.0
2400,30,jackpot,50,14,0.3,1,24,120,45.3,5233,120,0.624,1.262,True,20424475.0
2400,30,jackpot,50,14,0.3,2,26,109,51.0,5665,109,0.589,1.209,True,21410783.0
2400,30,jackpot,50,14,0.5,0,18,109,21.3,3946,109,0.523,0.964,False,15844824.0
2400,30,jackpot,50,14,0.5,1,16,110,19.7,3527,110,0.604,0.994,False,14663299.0
2400,30,jackpot,50,14,0.5,2,17,103,19.0,4167,103,0.59,0.927,False,16465735.0
2400,30,jackpot,50,14,0.7,0,15,109,16.3,3303,109,0.545,0.864,False,13461244.0
2400,30,jackpot,50,14,0.7,1,15,110,15.3,2875,110,0.587,0.95,False,12128183.0
2400,30,jackpot,50,14,0.7,2,15,103,9.0,3448,103,0.6,0.841,False,13994313.0
9600,7,diffuse,20,7,0.3,0,10,200,0.0,83891,200,0.564,0.02,False,18969542.0
9600,7,diffuse,20,7,0.3,1,9,200,0.0,78652,200,0.588,0.02,False,16947805.0
9600,7,diffuse,20,7,0.3,2,11,200,0.0,86799,200,0.593,0.02,False,19792604.0
9600,7,diffuse,20,7,0.5,0,5,156,0.0,1865,156,0.562,1.34,False,8918856.0
9600,7,diffuse,20,7,0.5,1,5,150,0.0,1497,150,0.613,1.288,False,7726021.0
9600,7,diffuse,20,7,0.5,2,5,161,0.0,1734,161,0.621,1.233,False,8923084.0
9600,7,diffuse,20,7,0.7,0,4,156,0.0,1407,156,0.569,1.017,False,7319808.0
9600,7,diffuse,20,7,0.7,1,4,150,0.0,1253,150,0.613,1.288,False,6555798.0
9600,7,diffuse,20,7,0.7,2,4,161,0.0,1371,161,0.626,1.026,False,7479222.0
9600,7,diffuse,20,14,0.3,0,6,156,1.0,2415,156,0.551,3.196,False,10024589.0
9600,7,diffuse,20,14,0.3,1,7,150,0.0,1882,150,0.608,1.984,False,9079023.0
9600,7,diffuse,20,14,0.3,2,6,161,0.0,2442,161,0.612,3.129,False,10279538.0
9600,7,diffuse,20,14,0.5,0,4,156,0.0,1385,156,0.562,1.207,False,7363389.0
9600,7,diffuse,20,14,0.5,1,4,150,0.0,1177,150,0.615,1.286,False,6482408.0
9600,7,diffuse,20,14,0.5,2,4,161,0.0,1348,161,0.622,1.116,False,7555994.0
9600,7,diffuse,20,14,0.7,0,3,156,0.0,1118,156,0.563,0.953,False,6271080.0
9600,7,diffuse,20,14,0.7,1,3,150,0.0,940,150,0.614,1.042,False,5464298.0
9600,7,diffuse,20,14,0.7,2,3,161,0.0,1062,161,0.618,0.925,False,6270289.0
9600,7,diffuse,50,7,0.3,0,13,156,0.0,3754,156,0.526,1.827,False,15182330.0
9600,7,diffuse,50,7,0.3,1,13,150,0.0,3357,150,0.597,1.979,False,13353118.0
9600,7,diffuse,50,7,0.3,2,13,161,0.0,3794,161,0.567,1.789,False,15576889.0
9600,7,diffuse,50,7,0.5,0,10,156,0.0,2501,156,0.53,1.281,False,11669766.0
9600,7,diffuse,50,7,0.5,1,10,150,0.0,2420,150,0.614,1.381,False,10992484.0
9600,7,diffuse,50,7,0.5,2,10,161,0.0,2503,161,0.598,1.25,False,11870286.0
9600,7,diffuse,50,7,0.7,0,8,156,0.0,1998,156,0.54,1.099,False,9897429.0
9600,7,diffuse,50,7,0.7,1,8,150,0.0,1804,150,0.624,1.126,False,9039096.0
9600,7,diffuse,50,7,0.7,2,8,161,0.0,1986,161,0.606,1.065,False,10140524.0
9600,7,diffuse,50,14,0.3,0,9,156,0.0,2528,156,0.536,1.669,False,11371610.0
9600,7,diffuse,50,14,0.3,1,9,150,0.0,2264,150,0.614,1.74,False,10356428.0
9600,7,diffuse,50,14,0.3,2,9,161,0.0,2532,161,0.599,1.632,False,11602471.0
9600,7,diffuse,50,14,0.5,0,6,156,0.0,1910,156,0.543,1.323,False,9429079.0
9600,7,diffuse,50,14,0.5,1,6,150,0.0,1620,150,0.617,1.342,False,8300141.0
9600,7,diffuse,50,14,0.5,2,7,161,0.0,1888,161,0.607,1.283,False,9716108.0
9600,7,diffuse,50,14,0.7,0,5,156,0.0,1649,156,0.554,1.173,False,8507388.0
9600,7,diffuse,50,14,0.7,1,5,150,0.0,1384,150,0.617,1.224,False,7374615.0
9600,7,diffuse,50,14,0.7,2,6,161,0.0,1650,161,0.62,1.14,False,8806741.0
9600,7,mid,20,7,0.3,0,9,186,0.0,2519,186,0.556,0.796,False,18317087.0
9600,7,mid,20,7,0.3,1,8,191,0.0,2232,191,0.61,0.792,False,16592396.0
9600,7,mid,20,7,0.3,2,9,182,0.0,2471,182,0.6,0.756,False,18427880.0
9600,7,mid,20,7,0.5,0,6,186,0.0,1906,186,0.569,0.676,False,14712969.0
9600,7,mid,20,7,0.5,1,6,191,0.0,1707,191,0.615,0.766,False,13369574.0
9600,7,mid,20,7,0.5,2,6,182,0.0,1822,182,0.613,0.657,False,14727898.0
9600,7,mid,20,7,0.7,0,4,186,0.0,1501,186,0.587,0.62,False,12082850.0
9600,7,mid,20,7,0.7,1,4,191,0.0,1406,191,0.629,0.787,False,11299653.0
9600,7,mid,20,7,0.7,2,4,182,0.0,1518,182,0.628,0.653,False,12385341.0
9600,7,mid,20,14,0.3,0,7,186,0.0,2471,186,0.564,1.469,False,17043749.0
9600,7,mid,20,14,0.3,1,7,191,0.0,2070,191,0.609,1.314,False,15256899.0
9600,7,mid,20,14,0.3,2,7,182,0.0,2597,182,0.613,1.566,False,17632641.0
9600,7,mid,20,14,0.5,0,5,186,0.0,1647,186,0.573,0.776,False,13175436.0
9600,7,mid,20,14,0.5,1,5,191,0.0,1437,191,0.608,0.873,False,11777817.0
9600,7,mid,20,14,0.5,2,5,182,0.0,1590,182,0.616,0.743,False,13317103.0
9600,7,mid,20,14,0.7,0,4,186,0.0,1255,186,0.584,0.642,False,10618908.0
9600,7,mid,20,14,0.7,1,4,191,0.0,1110,191,0.622,0.717,False,9625435.0
9600,7,mid,20,14,0.7,2,4,182,0.0,1205,182,0.624,0.615,False,10735138.0
9600,7,mid,50,7,0.3,0,12,186,0.0,3721,186,0.546,1.117,False,23846141.0
9600,7,mid,50,7,0.3,1,13,191,0.0,3531,191,0.591,1.237,False,22212626.0
9600,7,mid,50,7,0.3,2,12,182,0.0,3732,182,0.583,1.092,False,24113605.0
9600,7,mid,50,7,0.5,0,10,186,0.0,2824,186,0.551,0.846,False,19953285.0
9600,7,mid,50,7,0.5,1,10,191,0.0,2581,191,0.607,0.902,False,18188615.0
9600,7,mid,50,7,0.5,2,10,182,0.0,2816,182,0.594,0.839,False,20141188.0
9600,7,mid,50,7,0.7,0,9,186,0.0,2416,186,0.556,0.752,False,17853925.0
9600,7,mid,50,7,0.7,1,8,191,0.0,2208,191,0.618,0.787,False,16400244.0
9600,7,mid,50,7,0.7,2,9,182,0.0,2407,182,0.603,0.738,False,18119183.0
9600,7,mid,50,14,0.3,0,11,186,0.0,3249,186,0.553,1.215,False,21236585.0
9600,7,mid,50,14,0.3,1,11,191,0.0,2882,191,0.609,1.244,False,19220168.0
9600,7,mid,50,14,0.3,2,11,182,0.0,3277,182,0.595,1.192,False,21673228.0
9600,7,mid,50,14,0.5,0,8,186,0.0,2584,186,0.557,0.983,False,18370201.0
9600,7,mid,50,14,0.5,1,8,191,0.0,2256,191,0.613,1.015,False,16522645.0
9600,7,mid,50,14,0.5,2,9,182,0.0,2590,182,0.602,0.957,False,18747594.0
9600,7,mid,50,14,0.7,0,7,186,0.0,2169,186,0.561,0.854,False,16284182.0
9600,7,mid,50,14,0.7,1,7,191,0.0,1914,191,0.617,0.903,False,14685022.0
9600,7,mid,50,14,0.7,2,7,182,0.0,2138,182,0.604,0.838,False,16462393.0
9600,7,jackpot,20,7,0.3,0,9,200,0.0,2949,200,0.565,0.397,False,40387679.0
9600,7,jackpot,20,7,0.3,1,9,199,0.0,2581,199,0.593,0.422,False,37670290.0
9600,7,jackpot,20,7,0.3,2,9,200,0.0,2901,200,0.608,0.39,False,40697601.0
9600,7,jackpot,20,7,0.5,0,6,200,0.0,2028,200,0.584,0.33,False,30392121.0
9600,7,jackpot,20,7,0.5,1,6,199,0.0,1797,199,0.61,0.35,False,28491280.0
9600,7,jackpot,20,7,0.5,2,6,200,0.0,2006,200,0.63,0.32,False,30171510.0
9600,7,jackpot,20,7,0.7,0,1,200,0.0,1055,200,0.677,0.427,False,15404930.0
9600,7,jackpot,20,7,0.7,1,5,199,0.0,1229,199,0.648,0.547,False,17750104.0
9600,7,jackpot,20,7,0.7,2,1,200,0.0,673,200,0.669,0.261,False,11114668.0
9600,7,jackpot,20,14,0.3,0,8,200,0.0,2757,200,0.569,0.581,False,38558146.0
9600,7,jackpot,20,14,0.3,1,8,199,0.0,2445,199,0.591,0.602,False,35481731.0
9600,7,jackpot,20,14,0.3,2,8,200,0.0,2939,200,0.615,0.611,False,39141201.0
9600,7,jackpot,20,14,0.5,0,5,200,0.0,1800,200,0.588,0.401,False,27304121.0
9600,7,jackpot,20,14,0.5,1,5,199,0.0,1575,199,0.614,0.431,False,25850331.0
9600,7,jackpot,20,14,0.5,2,5,200,0.0,1698,200,0.63,0.367,False,26879548.0
9600,7,jackpot,20,14,0.7,0,1,200,0.0,478,200,0.574,0.192,False,9331289.0
9600,7,jackpot,20,14,0.7,1,1,199,0.0,568,199,0.593,0.295,False,10860134.0
9600,7,jackpot,20,14,0.7,2,1,200,0.0,422,200,0.583,0.149,False,7850694.0
9600,7,jackpot,50,7,0.3,0,13,200,0.0,4218,200,0.555,0.622,False,52156477.0
9600,7,jackpot,50,7,0.3,1,13,199,0.0,3956,199,0.581,0.653,False,48639372.0
9600,7,jackpot,50,7,0.3,2,13,200,0.0,4495,200,0.594,0.615,False,52386548.0
9600,7,jackpot,50,7,0.5,0,11,200,0.0,3410,200,0.559,0.479,False,45921920.0
9600,7,jackpot,50,7,0.5,1,11,199,0.0,3138,199,0.583,0.509,False,42457958.0
9600,7,jackpot,50,7,0.5,2,11,200,0.0,3571,200,0.601,0.471,False,46236551.0
9600,7,jackpot,50,7,0.7,0,9,200,0.0,2999,200,0.566,0.404,False,40795125.0
9600,7,jackpot,50,7,0.7,1,9,199,0.0,2626,199,0.594,0.428,False,38048626.0
9600,7,jackpot,50,7,0.7,2,9,200,0.0,2931,200,0.609,0.398,False,40829520.0
9600,7,jackpot,50,14,0.3,0,14,200,0.0,4220,200,0.557,0.703,False,51459920.0
9600,7,jackpot,50,14,0.3,1,14,199,0.0,3893,199,0.585,0.732,False,47812081.0
9600,7,jackpot,50,14,0.3,2,14,200,0.0,4446,200,0.598,0.693,False,51839937.0
9600,7,jackpot,50,14,0.5,0,11,200,0.0,3402,200,0.562,0.548,False,44114337.0
9600,7,jackpot,50,14,0.5,1,10,199,0.0,2955,199,0.59,0.574,False,40732802.0
9600,7,jackpot,50,14,0.5,2,11,200,0.0,3431,200,0.607,0.535,False,44462619.0
9600,7,jackpot,50,14,0.7,0,8,200,0.0,2687,200,0.569,0.462,False,38380040.0
9600,7,jackpot,50,14,0.7,1,8,199,0.0,2411,199,0.595,0.491,False,35531807.0
9600,7,jackpot,50,14,0.7,2,8,200,0.0,2767,200,0.615,0.454,False,38505045.0
9600,14,diffuse,20,7,0.3,0,10,200,0.0,83850,200,0.559,0.02,False,24269664.0
9600,14,diffuse,20,7,0.3,1,9,200,0.0,78721,200,0.581,0.02,False,21382732.0
9600,14,diffuse,20,7,0.3,2,30,200,93.3,155134,200,0.59,2.428,True,45194543.0
9600,14,diffuse,20,7,0.5,0,8,156,0.3,2189,156,0.56,0.688,False,12148539.0
9600,14,diffuse,20,7,0.5,1,8,150,0.0,1916,150,0.624,0.729,False,10885981.0
9600,14,diffuse,20,7,0.5,2,8,161,0.0,2110,161,0.623,0.664,False,12212832.0
9600,14,diffuse,20,7,0.7,0,6,156,0.0,1739,156,0.58,0.619,False,9980079.0
9600,14,diffuse,20,7,0.7,1,5,150,0.0,1619,150,0.616,0.746,False,9185232.0
9600,14,diffuse,20,7,0.7,2,6,161,0.0,1723,161,0.641,0.614,False,10208893.0
9600,14,diffuse,20,14,0.3,0,25,196,194.3,45793,196,0.608,8.544,True,22647336.0
9600,14,diffuse,20,14,0.3,1,25,150,94.0,4796,150,0.631,2.351,True,18627204.0
9600,14,diffuse,20,14,0.3,2,25,200,200.0,89455,200,0.638,8.152,True,25163365.0
9600,14,diffuse,20,14,0.5,0,6,156,2.0,2476,156,0.598,1.073,False,12225272.0
9600,14,diffuse,20,14,0.5,1,12,150,11.3,2413,150,0.628,1.428,False,11473826.0
9600,14,diffuse,20,14,0.5,2,6,161,3.3,2516,161,0.654,1.068,False,12719411.0
9600,14,diffuse,20,14,0.7,0,4,156,1.0,1790,156,0.606,0.85,False,9584005.0
9600,14,diffuse,20,14,0.7,1,4,150,2.0,1607,150,0.638,1.043,False,8611886.0
9600,14,diffuse,20,14,0.7,2,4,161,0.0,1810,161,0.666,0.807,False,9991484.0
9600,14,diffuse,50,7,0.3,0,19,170,9.3,5440,170,0.549,1.268,False,24494921.0
9600,14,diffuse,50,7,0.3,1,19,177,9.0,4949,177,0.613,1.377,False,22306418.0
9600,14,diffuse,50,7,0.3,2,19,167,5.0,5477,167,0.58,1.237,False,25037343.0
9600,14,diffuse,50,7,0.5,0,12,156,1.0,3529,156,0.53,0.898,False,18062135.0
9600,14,diffuse,50,7,0.5,1,13,150,1.3,3315,150,0.596,1.002,False,16780415.0
9600,14,diffuse,50,7,0.5,2,12,161,0.7,3486,161,0.589,0.876,False,18289913.0
9600,14,diffuse,50,7,0.7,0,10,156,1.0,2856,156,0.541,0.798,False,15220513.0
9600,14,diffuse,50,7,0.7,1,10,150,0.0,2529,150,0.612,0.848,False,13580908.0
9600,14,diffuse,50,7,0.7,2,10,161,0.0,2892,161,0.613,0.784,False,15562625.0
9600,14,diffuse,50,14,0.3,0,18,156,6.0,4444,156,0.535,1.207,False,20569638.0
9600,14,diffuse,50,14,0.3,1,17,150,4.7,4126,150,0.618,1.256,False,19277083.0
9600,14,diffuse,50,14,0.3,2,18,161,4.0,4531,161,0.607,1.172,False,21248534.0
9600,14,diffuse,50,14,0.5,0,13,156,1.0,3359,156,0.552,1.003,False,16560103.0
9600,14,diffuse,50,14,0.5,1,11,150,2.0,2877,150,0.623,1.052,False,14700327.0
9600,14,diffuse,50,14,0.5,2,13,161,2.7,3342,161,0.622,0.973,False,16908367.0
9600,14,diffuse,50,14,0.7,0,9,156,1.0,2745,156,0.565,0.899,False,14160293.0
9600,14,diffuse,50,14,0.7,1,8,150,1.0,2360,150,0.623,0.984,False,12509693.0
9600,14,diffuse,50,14,0.7,2,9,161,0.7,2761,161,0.629,0.883,False,14546043.0
9600,14,mid,20,7,0.3,0,11,186,1.0,3314,186,0.561,0.545,False,26512688.0
9600,14,mid,20,7,0.3,1,11,191,0.0,2999,191,0.613,0.584,False,24054235.0
9600,14,mid,20,7,0.3,2,11,182,0.0,3332,182,0.604,0.535,False,26920973.0
9600,14,mid,20,7,0.5,0,8,186,0.3,2423,186,0.58,0.461,False,20325702.0
9600,14,mid,20,7,0.5,1,8,191,0.0,2187,191,0.637,0.494,False,18588880.0
9600,14,mid,20,7,0.5,2,8,182,0.0,2394,182,0.627,0.449,False,20618552.0
9600,14,mid,20,7,0.7,0,6,186,0.0,1895,186,0.602,0.416,False,16360279.0
9600,14,mid,20,7,0.7,1,5,191,0.0,1741,191,0.643,0.475,False,15188854.0
9600,14,mid,20,7,0.7,2,6,182,0.0,1861,182,0.643,0.412,False,16586350.0
9600,14,mid,20,14,0.3,0,11,186,5.3,3799,186,0.584,0.78,False,27458574.0
9600,14,mid,20,14,0.3,1,21,191,45.3,3910,191,0.632,1.304,False,26566833.0
9600,14,mid,20,14,0.3,2,11,182,3.7,3748,182,0.625,0.761,False,27742790.0
9600,14,mid,20,14,0.5,0,7,186,1.0,2581,186,0.604,0.64,False,20158963.0
9600,14,mid,20,14,0.5,1,6,191,3.7,2404,191,0.642,0.81,False,18687791.0
9600,14,mid,20,14,0.5,2,7,182,2.0,2608,182,0.647,0.634,False,20716105.0
9600,14,mid,20,14,0.7,0,5,186,1.0,1904,186,0.621,0.544,False,15646705.0
9600,14,mid,20,14,0.7,1,4,191,1.0,1695,191,0.647,0.654,False,14090232.0
9600,14,mid,20,14,0.7,2,5,182,0.0,1932,182,0.667,0.518,False,16180952.0
9600,14,mid,50,7,0.3,0,17,186,4.0,5221,186,0.546,0.774,False,37101909.0
9600,14,mid,50,7,0.3,1,17,191,5.3,4923,191,0.591,0.848,False,34977999.0
9600,14,mid,50,7,0.3,2,17,182,3.7,5269,182,0.588,0.763,False,37655241.0
9600,14,mid,50,7,0.5,0,13,186,1.0,4013,186,0.556,0.624,False,30611500.0
9600,14,mid,50,7,0.5,1,13,191,1.3,3577,191,0.605,0.668,False,27582417.0
9600,14,mid,50,7,0.5,2,13,182,1.7,4031,182,0.595,0.614,False,31159989.0
9600,14,mid,50,7,0.7,0,11,186,1.0,3355,186,0.565,0.55,False,26723989.0
9600,14,mid,50,7,0.7,1,11,191,0.3,3006,191,0.615,0.593,False,24018842.0
9600,14,mid,50,7,0.7,2,11,182,0.0,3358,182,0.604,0.543,False,27040061.0
9600,14,mid,50,14,0.3,0,18,186,7.7,5193,186,0.555,0.82,False,36128311.0
9600,14,mid,50,14,0.3,1,18,191,6.3,4670,191,0.614,0.862,False,33016675.0
9600,14,mid,50,14,0.3,2,18,182,4.7,5245,182,0.599,0.807,False,36838049.0
9600,14,mid,50,14,0.5,0,15,186,1.3,4047,186,0.564,0.689,False,29926912.0
9600,14,mid,50,14,0.5,1,14,191,2.0,3604,191,0.628,0.715,False,27348813.0
9600,14,mid,50,14,0.5,2,15,182,2.7,4049,182,0.611,0.667,False,30561542.0
9600,14,mid,50,14,0.7,0,11,186,1.0,3307,186,0.577,0.613,False,25607263.0
9600,14,mid,50,14,0.7,1,10,191,1.3,2956,191,0.634,0.662,False,23285391.0
9600,14,mid,50,14,0.7,2,11,182,1.0,3314,182,0.621,0.602,False,26110691.0
9600,14,jackpot,20,7,0.3,0,12,200,1.0,3880,200,0.572,0.287,False,58592372.0
9600,14,jackpot,20,7,0.3,1,12,199,0.3,3375,199,0.597,0.309,False,53947769.0
9600,14,jackpot,20,7,0.3,2,12,200,0.0,3935,200,0.616,0.282,False,59153236.0
9600,14,jackpot,20,7,0.5,0,9,200,0.3,2557,200,0.595,0.233,False,42223144.0
9600,14,jackpot,20,7,0.5,1,8,199,0.0,2298,199,0.626,0.251,False,39480362.0
9600,14,jackpot,20,7,0.5,2,9,200,0.0,2630,200,0.644,0.227,False,42285196.0
9600,14,jackpot,20,7,0.7,0,12,200,1.0,3301,200,0.633,0.335,False,43055447.0
9600,14,jackpot,20,7,0.7,1,9,199,0.7,1712,199,0.678,0.313,False,27444739.0
9600,14,jackpot,20,7,0.7,2,10,200,2.7,2952,200,0.701,0.327,False,36453438.0
9600,14,jackpot,20,14,0.3,0,12,200,1.0,3917,200,0.581,0.321,False,57870096.0
9600,14,jackpot,20,14,0.3,1,12,199,2.7,3464,199,0.609,0.37,False,54053382.0
9600,14,jackpot,20,14,0.3,2,13,200,2.0,3945,200,0.626,0.318,False,58492734.0
9600,14,jackpot,20,14,0.5,0,7,200,1.0,2576,200,0.616,0.296,False,40897667.0
9600,14,jackpot,20,14,0.5,1,7,199,2.7,2402,199,0.634,0.37,False,38816596.0
9600,14,jackpot,20,14,0.5,2,7,200,1.0,2645,200,0.664,0.301,False,41368873.0
9600,14,jackpot,20,14,0.7,0,1,200,1.0,1049,200,0.731,0.266,False,16338368.0
9600,14,jackpot,20,14,0.7,1,1,199,2.0,1178,199,0.683,0.351,False,18504674.0
9600,14,jackpot,20,14,0.7,2,1,200,0.0,467,200,0.608,0.155,False,8479113.0
9600,14,jackpot,50,7,0.3,0,19,200,11.7,6103,200,0.557,0.437,False,83170364.0
9600,14,jackpot,50,7,0.3,1,19,199,9.0,5607,199,0.584,0.462,False,77220262.0
9600,14,jackpot,50,7,0.3,2,20,200,7.3,6374,200,0.601,0.43,False,84219046.0
9600,14,jackpot,50,7,0.5,0,15,200,1.0,4699,200,0.565,0.341,False,69314670.0
9600,14,jackpot,50,7,0.5,1,15,199,2.3,4317,199,0.59,0.363,False,64271592.0
9600,14,jackpot,50,7,0.5,2,15,200,2.7,4861,200,0.61,0.335,False,70167082.0
9600,14,jackpot,50,7,0.7,0,12,200,1.0,3946,200,0.571,0.293,False,59534464.0
9600,14,jackpot,50,7,0.7,1,12,199,0.7,3493,199,0.599,0.314,False,54967985.0
9600,14,jackpot,50,7,0.7,2,12,200,0.3,4012,200,0.615,0.287,False,60185607.0
9600,14,jackpot,50,14,0.3,0,20,200,15.7,6288,200,0.561,0.456,False,84222719.0
9600,14,jackpot,50,14,0.3,1,20,199,12.7,5748,199,0.587,0.485,False,77644500.0
9600,14,jackpot,50,14,0.3,2,20,200,11.0,6561,200,0.604,0.449,False,85291074.0
9600,14,jackpot,50,14,0.5,0,16,200,2.3,4797,200,0.571,0.363,False,69290159.0
9600,14,jackpot,50,14,0.5,1,16,199,3.0,4392,199,0.602,0.384,False,64206294.0
9600,14,jackpot,50,14,0.5,2,16,200,3.3,4971,200,0.616,0.355,False,69982484.0
9600,14,jackpot,50,14,0.7,0,13,200,1.0,3864,200,0.58,0.317,False,58255849.0
9600,14,jackpot,50,14,0.7,1,12,199,1.3,3465,199,0.613,0.339,False,54251938.0
9600,14,jackpot,50,14,0.7,2,13,200,1.7,3956,200,0.628,0.311,False,58883994.0
9600,30,diffuse,20,7,0.3,0,11,200,0.0,104433,200,0.554,0.02,False,31692210.0
9600,30,diffuse,20,7,0.3,1,9,200,0.0,78737,200,0.579,0.02,False,24332268.0
9600,30,diffuse,20,7,0.3,2,24,194,39.0,47861,194,0.603,0.829,False,41765981.0
9600,30,diffuse,20,7,0.5,0,9,156,3.3,2737,156,0.573,0.533,False,16276400.0
9600,30,diffuse,20,7,0.5,1,9,150,4.3,2401,150,0.62,0.585,False,14504395.0
9600,30,diffuse,20,7,0.5,2,9,161,3.3,2737,161,0.643,0.522,False,16641930.0
9600,30,diffuse,20,7,0.7,0,8,156,1.0,2165,156,0.598,0.49,False,13171940.0
9600,30,diffuse,20,7,0.7,1,7,150,3.0,1911,150,0.632,0.548,False,11672058.0
9600,30,diffuse,20,7,0.7,2,8,161,3.0,2154,161,0.659,0.481,False,13419507.0
9600,30,diffuse,20,14,0.3,0,15,156,16.7,3971,156,0.559,0.654,False,22215698.0
9600,30,diffuse,20,14,0.3,1,15,150,15.0,3648,150,0.62,0.709,False,20811134.0
9600,30,diffuse,20,14,0.3,2,15,161,9.0,3997,161,0.631,0.634,False,22834153.0
9600,30,diffuse,20,14,0.5,0,8,156,6.0,2821,156,0.606,0.584,False,16177699.0
9600,30,diffuse,20,14,0.5,1,11,150,18.0,2717,150,0.633,0.73,False,15474308.0
9600,30,diffuse,20,14,0.5,2,8,161,4.0,2805,161,0.661,0.58,False,16598834.0
9600,30,diffuse,20,14,0.7,0,5,156,4.3,2239,156,0.634,0.543,False,13060665.0
9600,30,diffuse,20,14,0.7,1,5,150,10.7,2050,150,0.642,0.678,False,11932894.0
9600,30,diffuse,20,14,0.7,2,5,161,4.0,2235,161,0.681,0.542,False,13458341.0
9600,30,diffuse,50,7,0.3,0,26,179,50.0,7064,179,0.551,0.925,True,36961501.0
9600,30,diffuse,50,7,0.3,1,26,185,52.7,6607,185,0.616,0.989,True,34615801.0
9600,30,diffuse,50,7,0.3,2,26,177,50.0,7087,177,0.589,0.901,True,37772347.0
9600,30,diffuse,50,7,0.5,0,16,156,19.3,4702,156,0.537,0.69,False,26217716.0
9600,30,diffuse,50,7,0.5,1,17,150,21.0,4339,150,0.602,0.761,False,24271562.0
9600,30,diffuse,50,7,0.5,2,16,161,15.7,4740,161,0.593,0.674,False,26867328.0
9600,30,diffuse,50,7,0.7,0,13,156,11.0,3844,156,0.55,0.616,False,21976417.0
9600,30,diffuse,50,7,0.7,1,12,150,9.7,3329,150,0.608,0.67,False,19355056.0
9600,30,diffuse,50,7,0.7,2,13,161,5.7,3840,161,0.613,0.605,False,22407219.0
9600,30,diffuse,50,14,0.3,0,23,156,39.7,6033,156,0.53,0.85,True,32027470.0
9600,30,diffuse,50,14,0.3,1,23,150,39.0,5462,150,0.607,0.904,True,29241430.0
9600,30,diffuse,50,14,0.3,2,23,161,40.3,6072,161,0.592,0.842,True,32813959.0
9600,30,diffuse,50,14,0.5,0,18,156,22.0,4615,156,0.553,0.727,False,25319409.0
9600,30,diffuse,50,14,0.5,1,17,150,20.7,4113,150,0.63,0.76,False,23016035.0
9600,30,diffuse,50,14,0.5,2,18,161,20.3,4662,161,0.628,0.704,False,26024725.0
9600,30,diffuse,50,14,0.7,0,15,156,17.0,3832,156,0.573,0.658,False,21385494.0
9600,30,diffuse,50,14,0.7,1,15,150,15.3,3376,150,0.633,0.711,False,19317208.0
9600,30,diffuse,50,14,0.7,2,15,161,9.0,3904,161,0.646,0.637,False,22259409.0
9600,30,mid,20,7,0.3,0,14,186,12.7,4278,186,0.572,0.418,False,36786815.0
9600,30,mid,20,7,0.3,1,13,191,11.3,3758,191,0.617,0.456,False,32895873.0
9600,30,mid,20,7,0.3,2,14,182,6.3,4301,182,0.615,0.409,False,37591758.0
9600,30,mid,20,7,0.5,0,10,186,3.7,3011,186,0.597,0.36,False,27018484.0
9600,30,mid,20,7,0.5,1,9,191,4.3,2666,191,0.643,0.395,False,24205046.0
9600,30,mid,20,7,0.5,2,10,182,3.7,3016,182,0.645,0.353,False,27495934.0
9600,30,mid,20,7,0.7,0,8,186,1.0,2321,186,0.62,0.331,False,21277917.0
9600,30,mid,20,7,0.7,1,8,191,3.0,2077,191,0.653,0.368,False,19126668.0
9600,30,mid,20,7,0.7,2,8,182,3.0,2328,182,0.669,0.323,False,21722931.0
9600,30,mid,20,14,0.3,0,16,186,17.7,4353,186,0.587,0.441,False,36749759.0
9600,30,mid,20,14,0.3,1,15,191,15.0,3904,191,0.643,0.473,False,33635131.0
9600,30,mid,20,14,0.3,2,16,182,10.3,4410,182,0.637,0.428,False,37848945.0
9600,30,mid,20,14,0.5,0,9,186,5.7,3056,186,0.62,0.387,False,26657846.0
9600,30,mid,20,14,0.5,1,8,191,11.3,2824,191,0.654,0.455,False,24816752.0
9600,30,mid,20,14,0.5,2,9,182,4.0,3055,182,0.663,0.38,False,27194735.0
9600,30,mid,20,14,0.7,0,6,186,3.7,2370,186,0.65,0.359,False,21056139.0
9600,30,mid,20,14,0.7,1,5,191,8.3,2161,191,0.664,0.434,False,19226974.0
9600,30,mid,20,14,0.7,2,6,182,4.0,2375,182,0.687,0.36,False,21509688.0
9600,30,mid,50,7,0.3,0,24,186,42.0,6887,186,0.548,0.587,False,55233962.0
9600,30,mid,50,7,0.3,1,24,191,44.3,6445,191,0.601,0.624,False,51875119.0
9600,30,mid,50,7,0.3,2,24,182,43.7,6921,182,0.591,0.578,False,56118177.0
9600,30,mid,50,7,0.5,0,17,186,21.0,5277,186,0.561,0.478,False,44013834.0
9600,30,mid,50,7,0.5,1,17,191,21.0,4728,191,0.611,0.511,False,40051927.0
9600,30,mid,50,7,0.5,2,18,182,19.7,5330,182,0.604,0.468,False,45102752.0
9600,30,mid,50,7,0.7,0,14,186,14.0,4388,186,0.575,0.423,False,37457509.0
9600,30,mid,50,7,0.7,1,13,191,12.7,3850,191,0.621,0.46,False,33578885.0
9600,30,mid,50,7,0.7,2,14,182,7.0,4394,182,0.617,0.415,False,38273767.0
9600,30,mid,50,14,0.3,0,25,186,44.7,6921,186,0.556,0.599,False,55122762.0
9600,30,mid,50,14,0.3,1,24,191,46.0,6332,191,0.615,0.633,False,50733153.0
9600,30,mid,50,14,0.3,2,25,182,46.3,6964,182,0.596,0.59,True,56165320.0
9600,30,mid,50,14,0.5,0,19,186,25.0,5395,186,0.572,0.498,False,44342066.0
9600,30,mid,50,14,0.5,1,18,191,23.0,4850,191,0.634,0.531,False,40549407.0
9600,30,mid,50,14,0.5,2,19,182,25.3,5427,182,0.618,0.488,False,45382212.0
9600,30,mid,50,14,0.7,0,16,186,18.3,4419,186,0.589,0.447,False,37137413.0
9600,30,mid,50,14,0.7,1,15,191,15.7,3940,191,0.648,0.48,False,33967665.0
9600,30,mid,50,14,0.7,2,16,182,12.3,4474,182,0.638,0.435,False,38239795.0
9600,30,jackpot,20,7,0.3,0,15,200,16.3,4849,200,0.583,0.216,False,80670043.0
9600,30,jackpot,20,7,0.3,1,14,199,14.0,4232,199,0.606,0.235,False,73403065.0
9600,30,jackpot,20,7,0.3,2,15,200,9.0,4843,200,0.629,0.211,False,81981870.0
9600,30,jackpot,20,7,0.5,0,10,200,4.3,3214,200,0.615,0.182,False,56428570.0
9600,30,jackpot,20,7,0.5,1,10,199,5.0,2817,199,0.634,0.2,False,51190204.0
9600,30,jackpot,20,7,0.5,2,10,200,3.7,3229,200,0.664,0.178,False,56543643.0
9600,30,jackpot,20,7,0.7,0,13,200,11.3,3606,200,0.642,0.207,False,59199963.0
9600,30,jackpot,20,7,0.7,1,9,199,3.7,1867,199,0.696,0.192,False,33915094.0
9600,30,jackpot,20,7,0.7,2,13,200,8.3,4004,200,0.673,0.208,False,61024300.0
9600,30,jackpot,20,14,0.3,0,17,200,19.0,4961,200,0.591,0.227,False,80994403.0
9600,30,jackpot,20,14,0.3,1,16,199,18.0,4358,199,0.625,0.244,False,74975158.0
9600,30,jackpot,20,14,0.3,2,16,200,14.7,5034,200,0.641,0.221,False,82688855.0
9600,30,jackpot,20,14,0.5,0,9,200,5.7,3181,200,0.636,0.194,False,55074566.0
9600,30,jackpot,20,14,0.5,1,9,199,10.3,2912,199,0.652,0.226,False,52014456.0
9600,30,jackpot,20,14,0.5,2,9,200,4.0,3248,200,0.678,0.191,False,55020675.0
9600,30,jackpot,20,14,0.7,0,5,200,14.3,1870,200,0.768,0.212,False,30015555.0
9600,30,jackpot,20,14,0.7,1,6,199,18.0,1794,199,0.723,0.243,False,29992221.0
9600,30,jackpot,20,14,0.7,2,1,200,2.7,533,200,0.645,0.155,False,9530100.0
9600,30,jackpot,50,7,0.3,0,27,200,60.3,7811,200,0.561,0.32,True,122307990.0
9600,30,jackpot,50,7,0.3,1,27,199,57.0,7276,199,0.593,0.336,True,114889403.0
9600,30,jackpot,50,7,0.3,2,27,200,59.0,8028,200,0.605,0.315,True,123947408.0
9600,30,jackpot,50,7,0.5,0,19,200,25.3,6005,200,0.572,0.253,False,98298847.0
9600,30,jackpot,50,7,0.5,1,19,199,24.3,5491,199,0.598,0.27,False,91046241.0
9600,30,jackpot,50,7,0.5,2,19,200,26.7,6239,200,0.617,0.248,False,99874055.0
9600,30,jackpot,50,7,0.7,0,15,200,17.3,4867,200,0.584,0.22,False,82464554.0
9600,30,jackpot,50,7,0.7,1,15,199,15.3,4409,199,0.606,0.239,False,75224219.0
9600,30,jackpot,50,7,0.7,2,15,200,11.3,5042,200,0.628,0.215,False,83762253.0
9600,30,jackpot,50,14,0.3,0,28,200,67.0,7922,200,0.563,0.33,True,124564775.0
9600,30,jackpot,50,14,0.3,1,28,199,65.0,7416,199,0.595,0.347,True,116967112.0
9600,30,jackpot,50,14,0.3,2,28,200,66.0,8238,200,0.608,0.324,True,126560391.0
9600,30,jackpot,50,14,0.5,0,21,200,30.0,6178,200,0.577,0.262,False,100297789.0
9600,30,jackpot,50,14,0.5,1,20,199,27.3,5614,199,0.609,0.28,False,92464926.0
9600,30,jackpot,50,14,0.5,2,21,200,31.0,6320,200,0.623,0.257,False,101864274.0
9600,30,jackpot,50,14,0.7,0,17,200,19.3,5107,200,0.593,0.23,False,83010783.0
9600,30,jackpot,50,14,0.7,1,16,199,19.7,4511,199,0.625,0.248,False,76603276.0
9600,30,jackpot,50,14,0.7,2,17,200,16.0,5125,200,0.641,0.225,False,84550194.0
38400,7,diffuse,20,7,0.3,0,1,200,0.0,23683,200,0.603,0.232,False,27185416.0
38400,7,diffuse,20,7,0.3,1,12,200,0.0,100263,200,0.587,0.02,False,65914791.0
38400,7,diffuse,20,7,0.3,2,1,200,0.0,23611,200,0.58,0.098,False,22044073.0
38400,7,diffuse,20,7,0.5,0,1,200,0.0,23337,200,0.545,0.028,False,21586832.0
38400,7,diffuse,20,7,0.5,1,1,200,0.0,22112,200,0.574,0.028,False,20524460.0
38400,7,diffuse,20,7,0.5,2,1,200,0.0,23600,200,0.577,0.028,False,21785304.0
38400,7,diffuse,20,7,0.7,0,1,200,0.0,23337,200,0.545,0.027,False,21586832.0
38400,7,diffuse,20,7,0.7,1,1,200,0.0,22112,200,0.574,0.028,False,20524460.0
38400,7,diffuse,20,7,0.7,2,1,200,0.0,23600,200,0.577,0.027,False,21785304.0
38400,7,diffuse,20,14,0.3,0,1,200,0.0,23347,200,0.549,0.095,False,21837455.0
38400,7,diffuse,20,14,0.3,1,1,200,0.0,22321,200,0.574,0.246,False,24536749.0
38400,7,diffuse,20,14,0.3,2,1,200,0.0,23600,200,0.577,0.047,False,21785304.0
38400,7,diffuse,20,14,0.5,0,1,200,0.0,23337,200,0.545,0.029,False,21586832.0
38400,7,diffuse,20,14,0.5,1,1,200,0.0,22112,200,0.574,0.029,False,20524460.0
38400,7,diffuse,20,14,0.5,2,1,200,0.0,23600,200,0.577,0.029,False,21785304.0
38400,7,diffuse,20,14,0.7,0,1,200,0.0,23337,200,0.545,0.028,False,21586832.0
38400,7,diffuse,20,14,0.7,1,1,200,0.0,22112,200,0.574,0.028,False,20524460.0
38400,7,diffuse,20,14,0.7,2,1,200,0.0,23600,200,0.577,0.028,False,21785304.0
38400,7,diffuse,50,7,0.3,0,13,200,0.0,47219,200,0.552,0.438,False,86593342.0
38400,7,diffuse,50,7,0.3,1,13,200,0.0,44488,200,0.579,0.468,False,80781306.0
38400,7,diffuse,50,7,0.3,2,13,200,0.0,47881,200,0.592,0.43,False,87858361.0
38400,7,diffuse,50,7,0.5,0,10,200,0.0,25786,200,0.565,0.318,False,64513777.0
38400,7,diffuse,50,7,0.5,1,10,200,0.0,24498,200,0.594,0.346,False,61491677.0
38400,7,diffuse,50,7,0.5,2,10,200,0.0,25988,200,0.607,0.312,False,64417995.0
38400,7,diffuse,50,7,0.7,0,1,200,0.0,23342,200,0.547,0.075,False,21724511.0
38400,7,diffuse,50,7,0.7,1,1,200,0.0,22255,200,0.574,0.187,False,23312821.0
38400,7,diffuse,50,7,0.7,2,1,200,0.0,23600,200,0.577,0.032,False,21785304.0
38400,7,diffuse,50,14,0.3,0,13,200,0.0,47162,200,0.555,0.497,False,84663755.0
38400,7,diffuse,50,14,0.3,1,13,200,0.0,44390,200,0.583,0.521,False,78917418.0
38400,7,diffuse,50,14,0.3,2,13,200,0.0,47773,200,0.595,0.487,False,85980799.0
38400,7,diffuse,50,14,0.5,0,8,200,0.0,25429,200,0.57,0.355,False,58606309.0
38400,7,diffuse,50,14,0.5,1,8,200,0.0,24149,200,0.598,0.381,False,56451200.0
38400,7,diffuse,50,14,0.5,2,8,200,0.0,25618,200,0.613,0.341,False,58371718.0
38400,7,diffuse,50,14,0.7,0,1,200,0.0,23337,200,0.545,0.03,False,21586832.0
38400,7,diffuse,50,14,0.7,1,1,200,0.0,22120,200,0.571,0.126,False,20669889.0
38400,7,diffuse,50,14,0.7,2,1,200,0.0,23600,200,0.577,0.03,False,21785304.0
38400,7,mid,20,7,0.3,0,1,200,0.0,23337,200,0.545,0.028,False,32380248.0
38400,7,mid,20,7,0.3,1,1,200,0.0,22112,200,0.574,0.028,False,30786690.0
38400,7,mid,20,7,0.3,2,1,200,0.0,23600,200,0.577,0.028,False,32677956.0
38400,7,mid,20,7,0.5,0,1,200,0.0,23337,200,0.545,0.027,False,32380248.0
38400,7,mid,20,7,0.5,1,1,200,0.0,22112,200,0.574,0.027,False,30786690.0
38400,7,mid,20,7,0.5,2,1,200,0.0,23600,200,0.577,0.027,False,32677956.0
38400,7,mid,20,7,0.7,0,1,200,0.0,23337,200,0.545,0.027,False,32380248.0
38400,7,mid,20,7,0.7,1,1,200,0.0,22112,200,0.574,0.027,False,30786690.0
38400,7,mid,20,7,0.7,2,1,200,0.0,23600,200,0.577,0.027,False,32677956.0
38400,7,mid,20,14,0.3,0,1,200,0.0,23337,200,0.545,0.029,False,32380248.0
38400,7,mid,20,14,0.3,1,1,200,0.0,22112,200,0.574,0.029,False,30786690.0
38400,7,mid,20,14,0.3,2,1,200,0.0,23600,200,0.577,0.029,False,32677956.0
38400,7,mid,20,14,0.5,0,1,200,0.0,23337,200,0.545,0.028,False,32380248.0
38400,7,mid,20,14,0.5,1,1,200,0.0,22112,200,0.574,0.028,False,30786690.0
38400,7,mid,20,14,0.5,2,1,200,0.0,23600,200,0.577,0.028,False,32677956.0
38400,7,mid,20,14,0.7,0,1,200,0.0,23337,200,0.545,0.027,False,32380248.0
38400,7,mid,20,14,0.7,1,1,200,0.0,22112,200,0.574,0.028,False,30786690.0
38400,7,mid,20,14,0.7,2,1,200,0.0,23600,200,0.577,0.027,False,32677956.0
38400,7,mid,50,7,0.3,0,13,200,0.0,47212,200,0.552,0.292,False,129723975.0
38400,7,mid,50,7,0.3,1,13,200,0.0,44528,200,0.579,0.315,False,121792404.0
38400,7,mid,50,7,0.3,2,13,200,0.0,47854,200,0.592,0.285,False,131349926.0
38400,7,mid,50,7,0.5,0,1,200,0.0,23337,200,0.545,0.029,False,32380248.0
38400,7,mid,50,7,0.5,1,1,200,0.0,22113,200,0.573,0.066,False,30830085.0
38400,7,mid,50,7,0.5,2,1,200,0.0,23600,200,0.577,0.029,False,32677956.0
38400,7,mid,50,7,0.7,0,1,200,0.0,23337,200,0.545,0.028,False,32380248.0
38400,7,mid,50,7,0.7,1,1,200,0.0,22112,200,0.574,0.028,False,30786690.0
38400,7,mid,50,7,0.7,2,1,200,0.0,23600,200,0.577,0.028,False,32677956.0
38400,7,mid,50,14,0.3,0,13,200,0.0,47046,200,0.556,0.327,False,126149172.0
38400,7,mid,50,14,0.3,1,13,200,0.0,44411,200,0.583,0.348,False,118740247.0
38400,7,mid,50,14,0.3,2,13,200,0.0,47407,200,0.598,0.319,False,127202664.0
38400,7,mid,50,14,0.5,0,1,200,0.0,23337,200,0.545,0.03,False,32380248.0
38400,7,mid,50,14,0.5,1,1,200,0.0,22112,200,0.574,0.03,False,30786690.0
38400,7,mid,50,14,0.5,2,1,200,0.0,23600,200,0.577,0.03,False,32677956.0
38400,7,mid,50,14,0.7,0,1,200,0.0,23337,200,0.545,0.029,False,32380248.0
38400,7,mid,50,14,0.7,1,1,200,0.0,22112,200,0.574,0.029,False,30786690.0
38400,7,mid,50,14,0.7,2,1,200,0.0,23600,200,0.577,0.029,False,32677956.0
38400,7,jackpot,20,7,0.3,0,1,200,0.0,421,200,0.557,0.028,False,33607024.0
38400,7,jackpot,20,7,0.3,1,1,200,0.0,372,200,0.574,0.028,False,31244564.0
38400,7,jackpot,20,7,0.3,2,1,200,0.0,413,200,0.577,0.028,False,30602118.0
38400,7,jackpot,20,7,0.5,0,1,200,0.0,421,200,0.557,0.028,False,33607024.0
38400,7,jackpot,20,7,0.5,1,1,200,0.0,372,200,0.574,0.027,False,31244564.0
38400,7,jackpot,20,7,0.5,2,1,200,0.0,413,200,0.577,0.027,False,30602118.0
38400,7,jackpot,20,7,0.7,0,1,200,0.0,421,200,0.555,0.027,False,33461171.0
38400,7,jackpot,20,7,0.7,1,1,200,0.0,372,200,0.574,0.027,False,31244564.0
38400,7,jackpot,20,7,0.7,2,1,200,0.0,413,200,0.577,0.027,False,30602118.0
38400,7,jackpot,20,14,0.3,0,1,200,0.0,419,200,0.552,0.029,False,33300137.0
38400,7,jackpot,20,14,0.3,1,1,200,0.0,372,200,0.574,0.029,False,31244564.0
38400,7,jackpot,20,14,0.3,2,1,200,0.0,413,200,0.577,0.029,False,30602118.0
38400,7,jackpot,20,14,0.5,0,1,200,0.0,419,200,0.552,0.028,False,33300137.0
38400,7,jackpot,20,14,0.5,1,1,200,0.0,372,200,0.574,0.028,False,31244564.0
38400,7,jackpot,20,14,0.5,2,1,200,0.0,413,200,0.577,0.028,False,30602118.0
38400,7,jackpot,20,14,0.7,0,1,200,0.0,419,200,0.552,0.027,False,33300137.0
38400,7,jackpot,20,14,0.7,1,1,200,0.0,372,200,0.574,0.028,False,31244564.0
38400,7,jackpot,20,14,0.7,2,1,200,0.0,413,200,0.577,0.027,False,30602118.0
38400,7,jackpot,50,7,0.3,0,15,200,0.0,4835,200,0.55,0.183,False,223287627.0
38400,7,jackpot,50,7,0.3,1,15,200,0.0,4492,200,0.578,0.196,False,209595394.0
38400,7,jackpot,50,7,0.3,2,15,200,0.0,4989,200,0.588,0.178,False,224130136.0
38400,7,jackpot,50,7,0.5,0,1,200,0.0,421,200,0.557,0.029,False,33607024.0
38400,7,jackpot,50,7,0.5,1,1,200,0.0,372,200,0.574,0.029,False,31244564.0
38400,7,jackpot,50,7,0.5,2,1,200,0.0,413,200,0.577,0.029,False,30602118.0
38400,7,jackpot,50,7,0.7,0,1,200,0.0,421,200,0.557,0.028,False,33607024.0
38400,7,jackpot,50,7,0.7,1,1,200,0.0,372,200,0.574,0.028,False,31244564.0
38400,7,jackpot,50,7,0.7,2,1,200,0.0,413,200,0.577,0.028,False,30602118.0
38400,7,jackpot,50,14,0.3,0,16,200,0.0,4880,200,0.553,0.194,False,222039599.0
38400,7,jackpot,50,14,0.3,1,16,200,0.0,4547,200,0.58,0.208,False,208955109.0
38400,7,jackpot,50,14,0.3,2,16,200,0.0,5049,200,0.593,0.19,False,223128764.0
38400,7,jackpot,50,14,0.5,0,1,200,0.0,419,200,0.552,0.03,False,33300137.0
38400,7,jackpot,50,14,0.5,1,1,200,0.0,372,200,0.574,0.03,False,31244564.0
38400,7,jackpot,50,14,0.5,2,1,200,0.0,413,200,0.577,0.03,False,30602118.0
38400,7,jackpot,50,14,0.7,0,1,200,0.0,419,200,0.552,0.029,False,33300137.0
38400,7,jackpot,50,14,0.7,1,1,200,0.0,372,200,0.574,0.029,False,31244564.0
38400,7,jackpot,50,14,0.7,2,1,200,0.0,413,200,0.577,0.029,False,30602118.0
38400,14,diffuse,20,7,0.3,0,15,200,20.0,128990,200,0.561,0.365,False,103713009.0
38400,14,diffuse,20,7,0.3,1,13,200,0.0,100963,200,0.603,0.02,False,99864490.0
38400,14,diffuse,20,7,0.3,2,1,200,0.0,23635,200,0.589,0.101,False,22698501.0
38400,14,diffuse,20,7,0.5,0,1,200,0.0,23337,200,0.545,0.028,False,21586832.0
38400,14,diffuse,20,7,0.5,1,1,200,0.0,22112,200,0.574,0.028,False,20524460.0
38400,14,diffuse,20,7,0.5,2,1,200,0.0,23600,200,0.577,0.028,False,21785304.0
38400,14,diffuse,20,7,0.7,0,1,200,0.0,23337,200,0.545,0.027,False,21586832.0
38400,14,diffuse,20,7,0.7,1,1,200,0.0,22112,200,0.574,0.028,False,20524460.0
38400,14,diffuse,20,7,0.7,2,1,200,0.0,23600,200,0.577,0.027,False,21785304.0
38400,14,diffuse,20,14,0.3,0,1,200,0.0,23376,200,0.562,0.096,False,22410551.0
38400,14,diffuse,20,14,0.3,1,11,200,0.0,100654,200,0.575,0.02,False,80042108.0
38400,14,diffuse,20,14,0.3,2,1,200,0.0,23600,200,0.577,0.047,False,21785304.0
38400,14,diffuse,20,14,0.5,0,1,200,0.0,23337,200,0.545,0.029,False,21586832.0
38400,14,diffuse,20,14,0.5,1,1,200,0.0,22112,200,0.574,0.029,False,20524460.0
38400,14,diffuse,20,14,0.5,2,1,200,0.0,23600,200,0.577,0.029,False,21785304.0
38400,14,diffuse,20,14,0.7,0,1,200,0.0,23337,200,0.545,0.028,False,21586832.0
38400,14,diffuse,20,14,0.7,1,1,200,0.0,22112,200,0.574,0.028,False,20524460.0
38400,14,diffuse,20,14,0.7,2,1,200,0.0,23600,200,0.577,0.028,False,21785304.0
38400,14,diffuse,50,7,0.3,0,19,200,9.3,49063,200,0.557,0.316,False,127007068.0
38400,14,diffuse,50,7,0.3,1,19,200,7.7,46144,200,0.584,0.337,False,118621675.0
38400,14,diffuse,50,7,0.3,2,19,200,5.0,49741,200,0.599,0.311,False,129240868.0
38400,14,diffuse,50,7,0.5,0,13,200,1.0,27024,200,0.573,0.237,False,93503807.0
38400,14,diffuse,50,7,0.5,1,14,200,1.7,25566,200,0.597,0.258,False,88171952.0
38400,14,diffuse,50,7,0.5,2,13,200,1.7,27259,200,0.615,0.231,False,94057691.0
38400,14,diffuse,50,7,0.7,0,1,200,0.0,23363,200,0.557,0.076,False,22200502.0
38400,14,diffuse,50,7,0.7,1,1,200,0.0,22571,200,0.619,0.188,False,29235625.0
38400,14,diffuse,50,7,0.7,2,1,200,0.0,23600,200,0.577,0.032,False,21785304.0
38400,14,diffuse,50,14,0.3,0,19,200,12.7,49181,200,0.56,0.329,False,127575810.0
38400,14,diffuse,50,14,0.3,1,19,200,10.0,46231,200,0.589,0.351,False,118615833.0
38400,14,diffuse,50,14,0.3,2,20,200,7.7,49854,200,0.602,0.323,False,129733327.0
38400,14,diffuse,50,14,0.5,0,15,200,1.3,26916,200,0.584,0.256,False,89487817.0
38400,14,diffuse,50,14,0.5,1,15,200,2.3,25486,200,0.614,0.273,False,85655207.0
38400,14,diffuse,50,14,0.5,2,15,200,2.7,27110,200,0.629,0.248,False,89411416.0
38400,14,diffuse,50,14,0.7,0,1,200,0.0,23337,200,0.545,0.03,False,21586832.0
38400,14,diffuse,50,14,0.7,1,1,200,0.0,22137,200,0.575,0.127,False,21194161.0
38400,14,diffuse,50,14,0.7,2,1,200,0.0,23600,200,0.577,0.03,False,21785304.0
38400,14,mid,20,7,0.3,0,1,200,0.0,23337,200,0.545,0.028,False,32380248.0
38400,14,mid,20,7,0.3,1,1,200,0.0,22112,200,0.574,0.028,False,30786690.0
38400,14,mid,20,7,0.3,2,1,200,0.0,23600,200,0.577,0.028,False,32677956.0
38400,14,mid,20,7,0.5,0,1,200,0.0,23337,200,0.545,0.027,False,32380248.0
38400,14,mid,20,7,0.5,1,1,200,0.0,22112,200,0.574,0.027,False,30786690.0
38400,14,mid,20,7,0.5,2,1,200,0.0,23600,200,0.577,0.027,False,32677956.0
38400,14,mid,20,7,0.7,0,1,200,0.0,23337,200,0.545,0.027,False,32380248.0
38400,14,mid,20,7,0.7,1,1,200,0.0,22112,200,0.574,0.027,False,30786690.0
38400,14,mid,20,7,0.7,2,1,200,0.0,23600,200,0.577,0.027,False,32677956.0
38400,14,mid,20,14,0.3,0,1,200,0.0,23337,200,0.545,0.029,False,32380248.0
38400,14,mid,20,14,0.3,1,1,200,0.0,22112,200,0.574,0.029,False,30786690.0
38400,14,mid,20,14,0.3,2,1,200,0.0,23600,200,0.577,0.029,False,32677956.0
38400,14,mid,20,14,0.5,0,1,200,0.0,23337,200,0.545,0.028,False,32380248.0
38400,14,mid,20,14,0.5,1,1,200,0.0,22112,200,0.574,0.028,False,30786690.0
38400,14,mid,20,14,0.5,2,1,200,0.0,23600,200,0.577,0.028,False,32677956.0
38400,14,mid,20,14,0.7,0,1,200,0.0,23337,200,0.545,0.027,False,32380248.0
38400,14,mid,20,14,0.7,1,1,200,0.0,22112,200,0.574,0.028,False,30786690.0
38400,14,mid,20,14,0.7,2,1,200,0.0,23600,200,0.577,0.027,False,32677956.0
38400,14,mid,50,7,0.3,0,19,200,9.3,49072,200,0.557,0.212,False,190759340.0
38400,14,mid,50,7,0.3,1,18,200,6.3,65075,200,0.584,0.22,False,186962730.0
38400,14,mid,50,7,0.3,2,19,200,5.0,49719,200,0.599,0.207,False,193405752.0
38400,14,mid,50,7,0.5,0,1,200,0.0,23337,200,0.545,0.029,False,32380248.0
38400,14,mid,50,7,0.5,1,1,200,0.0,22127,200,0.572,0.067,False,31148933.0
38400,14,mid,50,7,0.5,2,1,200,0.0,23600,200,0.577,0.029,False,32677956.0
38400,14,mid,50,7,0.7,0,1,200,0.0,23337,200,0.545,0.028,False,32380248.0
38400,14,mid,50,7,0.7,1,1,200,0.0,22112,200,0.574,0.028,False,30786690.0
38400,14,mid,50,7,0.7,2,1,200,0.0,23600,200,0.577,0.028,False,32677956.0
38400,14,mid,50,14,0.3,0,19,200,12.0,49143,200,0.56,0.219,False,190434495.0
38400,14,mid,50,14,0.3,1,20,200,11.0,46270,200,0.588,0.236,False,178718815.0
38400,14,mid,50,14,0.3,2,20,200,7.3,49497,200,0.604,0.214,False,192456988.0
38400,14,mid,50,14,0.5,0,1,200,0.0,23337,200,0.545,0.03,False,32380248.0
38400,14,mid,50,14,0.5,1,1,200,0.0,22112,200,0.574,0.03,False,30786690.0
38400,14,mid,50,14,0.5,2,1,200,0.0,23600,200,0.577,0.03,False,32677956.0
38400,14,mid,50,14,0.7,0,1,200,0.0,23337,200,0.545,0.029,False,32380248.0
38400,14,mid,50,14,0.7,1,1,200,0.0,22112,200,0.574,0.029,False,30786690.0
38400,14,mid,50,14,0.7,2,1,200,0.0,23600,200,0.577,0.029,False,32677956.0
38400,14,jackpot,20,7,0.3,0,1,200,0.0,440,200,0.574,0.029,False,34821221.0
38400,14,jackpot,20,7,0.3,1,1,200,0.0,372,200,0.574,0.028,False,31244564.0
38400,14,jackpot,20,7,0.3,2,1,200,0.0,435,200,0.599,0.029,False,32557878.0
38400,14,jackpot,20,7,0.5,0,1,200,0.0,440,200,0.574,0.028,False,34821221.0
38400,14,jackpot,20,7,0.5,1,1,200,0.0,372,200,0.574,0.027,False,31244564.0
38400,14,jackpot,20,7,0.5,2,1,200,0.0,435,200,0.599,0.028,False,32553827.0
38400,14,jackpot,20,7,0.7,0,1,200,0.0,437,200,0.572,0.027,False,34689119.0
38400,14,jackpot,20,7,0.7,1,1,200,0.0,372,200,0.574,0.027,False,31244564.0
38400,14,jackpot,20,7,0.7,2,1,200,0.0,435,200,0.598,0.027,False,32324614.0
38400,14,jackpot,20,14,0.3,0,1,200,0.0,440,200,0.574,0.03,False,34821221.0
38400,14,jackpot,20,14,0.3,1,1,200,0.0,372,200,0.574,0.029,False,31244564.0
38400,14,jackpot,20,14,0.3,2,1,200,0.0,415,200,0.58,0.029,False,30890981.0
38400,14,jackpot,20,14,0.5,0,1,200,0.0,437,200,0.572,0.028,False,34689119.0
38400,14,jackpot,20,14,0.5,1,1,200,0.0,372,200,0.574,0.028,False,31244564.0
38400,14,jackpot,20,14,0.5,2,1,200,0.0,415,200,0.58,0.028,False,30890981.0
38400,14,jackpot,20,14,0.7,0,1,200,0.0,433,200,0.571,0.028,False,34550312.0
38400,14,jackpot,20,14,0.7,1,1,200,0.0,372,200,0.574,0.028,False,31244564.0
38400,14,jackpot,20,14,0.7,2,1,200,0.0,415,200,0.58,0.027,False,30890981.0
38400,14,jackpot,50,7,0.3,0,22,200,20.0,6829,200,0.553,0.122,False,356073344.0
38400,14,jackpot,50,7,0.3,1,22,200,19.0,6374,200,0.582,0.13,False,335113862.0
38400,14,jackpot,50,7,0.3,2,22,200,16.7,7098,200,0.594,0.119,False,360890907.0
38400,14,jackpot,50,7,0.5,0,1,200,0.0,441,200,0.576,0.029,False,34946942.0
38400,14,jackpot,50,7,0.5,1,1,200,0.0,372,200,0.574,0.029,False,31244564.0
38400,14,jackpot,50,7,0.5,2,1,200,0.0,435,200,0.599,0.029,False,32557878.0
38400,14,jackpot,50,7,0.7,0,1,200,0.0,440,200,0.574,0.028,False,34821221.0
38400,14,jackpot,50,7,0.7,1,1,200,0.0,372,200,0.574,0.028,False,31244564.0
38400,14,jackpot,50,7,0.7,2,1,200,0.0,435,200,0.599,0.029,False,32557878.0
38400,14,jackpot,50,14,0.3,0,22,200,22.0,6990,200,0.556,0.126,False,360853725.0
38400,14,jackpot,50,14,0.3,1,22,200,21.7,6503,200,0.583,0.135,False,338809202.0
38400,14,jackpot,50,14,0.3,2,22,200,20.3,7280,200,0.597,0.123,False,364577483.0
38400,14,jackpot,50,14,0.5,0,1,200,0.0,441,200,0.576,0.03,False,34946942.0
38400,14,jackpot,50,14,0.5,1,1,200,0.0,372,200,0.574,0.03,False,31244564.0
38400,14,jackpot,50,14,0.5,2,1,200,0.0,415,200,0.58,0.03,False,30890981.0
38400,14,jackpot,50,14,0.7,0,1,200,0.0,440,200,0.574,0.029,False,34821221.0
38400,14,jackpot,50,14,0.7,1,1,200,0.0,372,200,0.574,0.029,False,31244564.0
38400,14,jackpot,50,14,0.7,2,1,200,0.0,415,200,0.58,0.029,False,30890981.0
38400,30,diffuse,20,7,0.3,0,10,200,0.0,107152,200,0.55,0.02,False,107026513.0
38400,30,diffuse,20,7,0.3,1,13,200,0.0,101013,200,0.596,0.02,False,119360904.0
38400,30,diffuse,20,7,0.3,2,1,200,0.0,23707,200,0.605,0.101,False,23954755.0
38400,30,diffuse,20,7,0.5,0,1,200,0.0,23337,200,0.545,0.028,False,21586832.0
38400,30,diffuse,20,7,0.5,1,1,200,0.0,22112,200,0.574,0.028,False,20524460.0
38400,30,diffuse,20,7,0.5,2,1,200,0.0,23600,200,0.577,0.028,False,21785304.0
38400,30,diffuse,20,7,0.7,0,1,200,0.0,23337,200,0.545,0.027,False,21586832.0
38400,30,diffuse,20,7,0.7,1,1,200,0.0,22112,200,0.574,0.028,False,20524460.0
38400,30,diffuse,20,7,0.7,2,1,200,0.0,23600,200,0.577,0.027,False,21785304.0
38400,30,diffuse,20,14,0.3,0,1,200,1.0,23404,200,0.58,0.096,False,23253241.0
38400,30,diffuse,20,14,0.3,1,11,200,0.0,100380,200,0.578,0.02,False,104426928.0
38400,30,diffuse,20,14,0.3,2,1,200,0.0,23600,200,0.577,0.047,False,21785304.0
38400,30,diffuse,20,14,0.5,0,1,200,0.0,23337,200,0.545,0.029,False,21586832.0
38400,30,diffuse,20,14,0.5,1,1,200,0.0,22112,200,0.574,0.029,False,20524460.0
38400,30,diffuse,20,14,0.5,2,1,200,0.0,23600,200,0.577,0.029,False,21785304.0
38400,30,diffuse,20,14,0.7,0,1,200,0.0,23337,200,0.545,0.028,False,21586832.0
38400,30,diffuse,20,14,0.7,1,1,200,0.0,22112,200,0.574,0.028,False,20524460.0
38400,30,diffuse,20,14,0.7,2,1,200,0.0,23600,200,0.577,0.028,False,21785304.0
38400,30,diffuse,50,7,0.3,0,26,200,55.7,50759,200,0.56,0.236,False,179023071.0
38400,30,diffuse,50,7,0.3,1,25,200,50.3,66708,200,0.594,0.244,False,173451723.0
38400,30,diffuse,50,7,0.3,2,27,200,54.0,51466,200,0.605,0.231,False,182476973.0
38400,30,diffuse,50,7,0.5,0,18,200,21.7,28338,200,0.58,0.182,False,130794978.0
38400,30,diffuse,50,7,0.5,1,18,200,22.3,26777,200,0.607,0.197,False,123320796.0
38400,30,diffuse,50,7,0.5,2,18,200,21.0,28600,200,0.626,0.177,False,132337674.0
38400,30,diffuse,50,7,0.7,0,1,200,0.0,23396,200,0.573,0.076,False,22946704.0
38400,30,diffuse,50,7,0.7,1,8,200,10.3,23350,200,0.655,0.168,False,46476968.0
38400,30,diffuse,50,7,0.7,2,1,200,0.0,23600,200,0.577,0.032,False,21785304.0
38400,30,diffuse,50,14,0.3,0,27,200,62.3,50911,200,0.563,0.242,False,181271857.0
38400,30,diffuse,50,14,0.3,1,27,200,60.7,48020,200,0.597,0.256,False,170892152.0
38400,30,diffuse,50,14,0.3,2,27,200,59.3,51623,200,0.606,0.237,False,184722458.0
38400,30,diffuse,50,14,0.5,0,19,200,25.3,28300,200,0.592,0.188,False,128503125.0
38400,30,diffuse,50,14,0.5,1,19,200,24.3,26808,200,0.625,0.202,False,122768304.0
38400,30,diffuse,50,14,0.5,2,19,200,25.3,28521,200,0.643,0.183,False,129227420.0
38400,30,diffuse,50,14,0.7,0,1,200,0.0,23337,200,0.545,0.03,False,21586832.0
38400,30,diffuse,50,14,0.7,1,1,200,2.3,22218,200,0.598,0.129,False,22829054.0
38400,30,diffuse,50,14,0.7,2,1,200,0.0,23600,200,0.577,0.03,False,21785304.0
38400,30,mid,20,7,0.3,0,1,200,0.0,23337,200,0.545,0.028,False,32380248.0
38400,30,mid,20,7,0.3,1,1,200,0.0,22112,200,0.574,0.028,False,30786690.0
38400,30,mid,20,7,0.3,2,1,200,0.0,23600,200,0.577,0.028,False,32677956.0
38400,30,mid,20,7,0.5,0,1,200,0.0,23337,200,0.545,0.027,False,32380248.0
38400,30,mid,20,7,0.5,1,1,200,0.0,22112,200,0.574,0.027,False,30786690.0
38400,30,mid,20,7,0.5,2,1,200,0.0,23600,200,0.577,0.027,False,32677956.0
38400,30,mid,20,7,0.7,0,1,200,0.0,23337,200,0.545,0.027,False,32380248.0
38400,30,mid,20,7,0.7,1,1,200,0.0,22112,200,0.574,0.027,False,30786690.0
38400,30,mid,20,7,0.7,2,1,200,0.0,23600,200,0.577,0.027,False,32677956.0
38400,30,mid,20,14,0.3,0,1,200,0.0,23337,200,0.545,0.029,False,32380248.0
38400,30,mid,20,14,0.3,1,1,200,0.0,22112,200,0.574,0.029,False,30786690.0
38400,30,mid,20,14,0.3,2,1,200,0.0,23600,200,0.577,0.029,False,32677956.0
38400,30,mid,20,14,0.5,0,1,200,0.0,23337,200,0.545,0.028,False,32380248.0
38400,30,mid,20,14,0.5,1,1,200,0.0,22112,200,0.574,0.028,False,30786690.0
38400,30,mid,20,14,0.5,2,1,200,0.0,23600,200,0.577,0.028,False,32677956.0
38400,30,mid,20,14,0.7,0,1,200,0.0,23337,200,0.545,0.027,False,32380248.0
38400,30,mid,20,14,0.7,1,1,200,0.0,22112,200,0.574,0.028,False,30786690.0
38400,30,mid,20,14,0.7,2,1,200,0.0,23600,200,0.577,0.027,False,32677956.0
38400,30,mid,50,7,0.3,0,27,200,57.0,50787,200,0.559,0.158,False,269239607.0
38400,30,mid,50,7,0.3,1,26,200,51.7,66776,200,0.592,0.165,False,261955291.0
38400,30,mid,50,7,0.3,2,27,200,55.3,51443,200,0.605,0.154,False,274030517.0
38400,30,mid,50,7,0.5,0,1,200,0.0,23337,200,0.545,0.029,False,32380248.0
38400,30,mid,50,7,0.5,1,1,200,0.0,22144,200,0.578,0.067,False,31920448.0
38400,30,mid,50,7,0.5,2,1,200,0.0,23600,200,0.577,0.029,False,32677956.0
38400,30,mid,50,7,0.7,0,1,200,0.0,23337,200,0.545,0.028,False,32380248.0
38400,30,mid,50,7,0.7,1,1,200,0.0,22112,200,0.574,0.028,False,30786690.0
38400,30,mid,50,7,0.7,2,1,200,0.0,23600,200,0.577,0.028,False,32677956.0
38400,30,mid,50,14,0.3,0,27,200,62.7,50901,200,0.563,0.162,False,271472469.0
38400,30,mid,50,14,0.3,1,27,200,62.3,48078,200,0.596,0.172,False,257806857.0
38400,30,mid,50,14,0.3,2,27,200,59.0,51538,200,0.607,0.158,False,275791573.0
38400,30,mid,50,14,0.5,0,1,200,0.0,23337,200,0.545,0.03,False,32380248.0
38400,30,mid,50,14,0.5,1,1,200,0.0,22112,200,0.574,0.03,False,30786690.0
38400,30,mid,50,14,0.5,2,1,200,0.0,23600,200,0.577,0.03,False,32677956.0
38400,30,mid,50,14,0.7,0,1,200,0.0,23337,200,0.545,0.029,False,32380248.0
38400,30,mid,50,14,0.7,1,1,200,0.0,22112,200,0.574,0.029,False,30786690.0
38400,30,mid,50,14,0.7,2,1,200,0.0,23600,200,0.577,0.029,False,32677956.0
38400,30,jackpot,20,7,0.3,0,1,200,0.3,473,200,0.608,0.029,False,37460778.0
38400,30,jackpot,20,7,0.3,1,1,200,0.0,375,200,0.575,0.028,False,31709328.0
38400,30,jackpot,20,7,0.3,2,1,200,0.0,481,200,0.627,0.029,False,35466153.0
38400,30,jackpot,20,7,0.5,0,1,200,0.0,473,200,0.606,0.028,False,37332542.0
38400,30,jackpot,20,7,0.5,1,1,200,0.0,375,200,0.575,0.028,False,31685040.0
38400,30,jackpot,20,7,0.5,2,1,200,0.0,478,200,0.622,0.028,False,35002697.0
38400,30,jackpot,20,7,0.7,0,1,200,0.0,469,200,0.603,0.027,False,37067009.0
38400,30,jackpot,20,7,0.7,1,1,200,0.0,375,200,0.575,0.027,False,31660184.0
38400,30,jackpot,20,7,0.7,2,1,200,0.0,465,200,0.62,0.027,False,34405524.0
38400,30,jackpot,20,14,0.3,0,1,200,1.0,480,200,0.611,0.029,False,37708529.0
38400,30,jackpot,20,14,0.3,1,1,200,0.0,376,200,0.576,0.029,False,31756253.0
38400,30,jackpot,20,14,0.3,2,1,200,0.0,479,200,0.631,0.03,False,35403526.0
38400,30,jackpot,20,14,0.5,0,1,200,0.3,473,200,0.608,0.028,False,37460778.0
38400,30,jackpot,20,14,0.5,1,1,200,0.0,375,200,0.575,0.028,False,31709328.0
38400,30,jackpot,20,14,0.5,2,1,200,0.0,476,200,0.627,0.029,False,35020431.0
38400,30,jackpot,20,14,0.7,0,1,200,0.0,470,200,0.605,0.027,False,37201309.0
38400,30,jackpot,20,14,0.7,1,1,200,0.0,375,200,0.575,0.028,False,31685040.0
38400,30,jackpot,20,14,0.7,2,1,200,0.0,473,200,0.625,0.028,False,34816115.0
38400,30,jackpot,50,7,0.3,0,30,200,77.7,8414,200,0.555,0.087,False,519442169.0
38400,30,jackpot,50,7,0.3,1,30,200,83.3,8031,200,0.591,0.092,False,495037299.0
38400,30,jackpot,50,7,0.3,2,30,200,77.3,8732,200,0.599,0.085,False,528233880.0
38400,30,jackpot,50,7,0.5,0,1,200,0.7,475,200,0.609,0.029,False,37586085.0
38400,30,jackpot,50,7,0.5,1,1,200,0.0,376,200,0.576,0.029,False,31733062.0
38400,30,jackpot,50,7,0.5,2,1,200,0.0,479,200,0.625,0.029,False,35274356.0
38400,30,jackpot,50,7,0.7,0,1,200,0.3,473,200,0.608,0.028,False,37460778.0
38400,30,jackpot,50,7,0.7,1,1,200,0.0,375,200,0.575,0.028,False,31709328.0
38400,30,jackpot,50,7,0.7,2,1,200,0.0,479,200,0.625,0.029,False,35224032.0
38400,30,jackpot,50,14,0.3,0,30,200,81.3,8364,200,0.557,0.089,False,526986835.0
38400,30,jackpot,50,14,0.3,1,30,200,90.7,8184,200,0.592,0.094,False,502739323.0
38400,30,jackpot,50,14,0.3,2,30,200,82.7,8818,200,0.601,0.087,False,534787322.0
38400,30,jackpot,50,14,0.5,0,1,200,1.0,480,200,0.611,0.03,False,37708529.0
38400,30,jackpot,50,14,0.5,1,1,200,0.0,376,200,0.576,0.03,False,31756253.0
38400,30,jackpot,50,14,0.5,2,1,200,0.0,479,200,0.631,0.03,False,35403526.0
38400,30,jackpot,50,14,0.7,0,1,200,0.7,475,200,0.609,0.029,False,37586085.0
38400,30,jackpot,50,14,0.7,1,1,200,0.0,376,200,0.576,0.029,False,31756253.0
38400,30,jackpot,50,14,0.7,2,1,200,0.0,477,200,0.629,0.03,False,35216109.0
