payout,half_life,tiers,seed_sol,wall_days,sell_frac,seed,competitive_days,peak_miners,final_miners,total_claims,unique_miners,gini,price_end_ratio,catches,tokens_emitted,mean_sell,mean_apy,mean_sol_apy
2400,7,diffuse,20,7,0.3,0,0,1,0.0,43,1,0.0,1.668,False,111552.0,0.3,0.0,0.0
2400,7,diffuse,20,7,0.3,1,0,1,0.0,36,1,0.0,1.641,False,100792.0,0.3,0.0,0.0
2400,7,diffuse,20,7,0.3,2,0,3,0.0,35,3,0.589,1.718,False,87411.0,0.3,0.0,0.0
2400,7,diffuse,20,7,0.5,0,0,1,0.0,43,1,0.0,1.666,False,111552.0,0.5,0.0,0.0
2400,7,diffuse,20,7,0.5,1,0,1,0.0,36,1,0.0,1.641,False,100792.0,0.5,0.0,0.0
2400,7,diffuse,20,7,0.5,2,0,3,0.0,35,3,0.589,1.716,False,87411.0,0.5,0.0,0.0
2400,7,diffuse,20,7,0.7,0,0,1,0.0,43,1,0.0,1.664,False,111552.0,0.7,0.0,0.0
2400,7,diffuse,20,7,0.7,1,0,1,0.0,36,1,0.0,1.641,False,100792.0,0.7,0.0,0.0
2400,7,diffuse,20,7,0.7,2,0,3,0.0,35,3,0.589,1.713,False,87411.0,0.7,0.0,0.0
2400,7,diffuse,20,14,0.3,0,0,1,0.0,42,1,0.0,1.665,False,110275.0,0.3,0.0,0.0
2400,7,diffuse,20,14,0.3,1,0,1,0.0,35,1,0.0,1.651,False,98697.0,0.3,0.0,0.0
2400,7,diffuse,20,14,0.3,2,0,3,0.0,27,3,0.593,1.669,False,73627.0,0.3,0.0,0.0
2400,7,diffuse,20,14,0.5,0,0,1,0.0,42,1,0.0,1.663,False,110275.0,0.5,0.0,0.0
2400,7,diffuse,20,14,0.5,1,0,1,0.0,35,1,0.0,1.651,False,98697.0,0.5,0.0,0.0
2400,7,diffuse,20,14,0.5,2,0,3,0.0,27,3,0.593,1.668,False,73627.0,0.5,0.0,0.0
2400,7,diffuse,20,14,0.7,0,0,1,0.0,42,1,0.0,1.661,False,110275.0,0.7,0.0,0.0
2400,7,diffuse,20,14,0.7,1,0,1,0.0,35,1,0.0,1.651,False,98697.0,0.7,0.0,0.0
2400,7,diffuse,20,14,0.7,2,0,3,0.0,27,3,0.593,1.666,False,73627.0,0.7,0.0,0.0
2400,7,diffuse,50,7,0.3,0,0,1,0.0,43,1,0.0,1.63,False,111552.0,0.3,0.0,0.0
2400,7,diffuse,50,7,0.3,1,0,1,0.0,36,1,0.0,1.62,False,100792.0,0.3,0.0,0.0
2400,7,diffuse,50,7,0.3,2,0,3,0.0,35,3,0.604,1.644,False,87411.0,0.3,0.0,0.0
2400,7,diffuse,50,7,0.5,0,0,1,0.0,43,1,0.0,1.629,False,111552.0,0.5,0.0,0.0
2400,7,diffuse,50,7,0.5,1,0,1,0.0,36,1,0.0,1.62,False,100792.0,0.5,0.0,0.0
2400,7,diffuse,50,7,0.5,2,0,3,0.0,35,3,0.604,1.643,False,87411.0,0.5,0.0,0.0
2400,7,diffuse,50,7,0.7,0,0,1,0.0,43,1,0.0,1.628,False,111552.0,0.7,0.0,0.0
2400,7,diffuse,50,7,0.7,1,0,1,0.0,36,1,0.0,1.62,False,100792.0,0.7,0.0,0.0
2400,7,diffuse,50,7,0.7,2,0,3,0.0,35,3,0.604,1.642,False,87411.0,0.7,0.0,0.0
2400,7,diffuse,50,14,0.3,0,0,1,0.0,42,1,0.0,1.636,False,110275.0,0.3,0.0,0.0
2400,7,diffuse,50,14,0.3,1,0,1,0.0,35,1,0.0,1.63,False,98697.0,0.3,0.0,0.0
2400,7,diffuse,50,14,0.3,2,0,3,0.0,26,3,0.609,1.635,False,71532.0,0.3,0.0,0.0
2400,7,diffuse,50,14,0.5,0,0,1,0.0,42,1,0.0,1.635,False,110275.0,0.5,0.0,0.0
2400,7,diffuse,50,14,0.5,1,0,1,0.0,35,1,0.0,1.63,False,98697.0,0.5,0.0,0.0
2400,7,diffuse,50,14,0.5,2,0,3,0.0,26,3,0.609,1.635,False,71532.0,0.5,0.0,0.0
2400,7,diffuse,50,14,0.7,0,0,1,0.0,42,1,0.0,1.634,False,110275.0,0.7,0.0,0.0
2400,7,diffuse,50,14,0.7,1,0,1,0.0,35,1,0.0,1.63,False,98697.0,0.7,0.0,0.0
2400,7,diffuse,50,14,0.7,2,0,3,0.0,26,3,0.609,1.634,False,71532.0,0.7,0.0,0.0
2400,7,mid,20,7,0.3,0,10,200,0.0,62501,200,0.579,0.02,False,3689035.0,0.3,0.0,0.0
2400,7,mid,20,7,0.3,1,0,11,0.0,87,11,0.421,2.06,False,293036.0,0.3,0.0,0.0
2400,7,mid,20,7,0.3,2,9,200,0.0,63416,200,0.613,0.02,False,3816094.0,0.3,0.0,0.0
2400,7,mid,20,7,0.5,0,5,49,0.0,646,49,0.598,4.523,False,1253398.0,0.5,0.0,0.0
2400,7,mid,20,7,0.5,1,0,11,0.0,87,11,0.421,2.038,False,293036.0,0.5,0.0,0.0
2400,7,mid,20,7,0.5,2,10,89,0.0,1196,89,0.629,6.519,False,1799597.0,0.5,0.0,0.0
2400,7,mid,20,7,0.7,0,0,34,0.0,397,34,0.614,3.236,False,943175.0,0.7,0.0,0.0
2400,7,mid,20,7,0.7,1,0,11,0.0,84,11,0.412,2.016,False,288126.0,0.7,0.0,0.0
2400,7,mid,20,7,0.7,2,0,37,0.0,427,37,0.673,3.286,False,949921.0,0.7,0.0,0.0
2400,7,mid,20,14,0.3,0,0,19,0.0,247,19,0.544,2.719,False,716721.0,0.3,0.0,0.0
2400,7,mid,20,14,0.3,1,0,11,0.0,64,11,0.428,1.798,False,243653.0,0.3,0.0,0.0
2400,7,mid,20,14,0.3,2,0,18,0.0,186,18,0.672,2.388,False,568750.0,0.3,0.0,0.0
2400,7,mid,20,14,0.5,0,0,19,0.0,211,19,0.556,2.313,False,652301.0,0.5,0.0,0.0
2400,7,mid,20,14,0.5,1,0,11,0.0,61,11,0.434,1.769,False,234985.0,0.5,0.0,0.0
2400,7,mid,20,14,0.5,2,0,18,0.0,153,18,0.67,2.122,False,499945.0,0.5,0.0,0.0
2400,7,mid,20,14,0.7,0,0,19,0.0,174,19,0.551,2.055,False,574225.0,0.7,0.0,0.0
2400,7,mid,20,14,0.7,1,0,11,0.0,61,11,0.434,1.761,False,234985.0,0.7,0.0,0.0
2400,7,mid,20,14,0.7,2,0,18,0.0,135,18,0.668,1.979,False,457471.0,0.7,0.0,0.0
2400,7,mid,50,7,0.3,0,0,19,0.0,216,19,0.551,1.894,False,671631.0,0.3,0.0,0.0
2400,7,mid,50,7,0.3,1,0,11,0.0,71,11,0.403,1.723,False,262040.0,0.3,0.0,0.0
2400,7,mid,50,7,0.3,2,0,18,0.0,187,18,0.665,1.88,False,574821.0,0.3,0.0,0.0
2400,7,mid,50,7,0.5,0,0,19,0.0,216,19,0.555,1.867,False,670945.0,0.5,0.0,0.0
2400,7,mid,50,7,0.5,1,0,11,0.0,70,11,0.401,1.718,False,260124.0,0.5,0.0,0.0
2400,7,mid,50,7,0.5,2,0,18,0.0,186,18,0.667,1.855,False,572906.0,0.5,0.0,0.0
2400,7,mid,50,7,0.7,0,0,19,0.0,209,19,0.553,1.838,False,655859.0,0.7,0.0,0.0
2400,7,mid,50,7,0.7,1,0,11,0.0,70,11,0.406,1.714,False,260124.0,0.7,0.0,0.0
2400,7,mid,50,7,0.7,2,0,18,0.0,185,18,0.669,1.829,False,570791.0,0.7,0.0,0.0
2400,7,mid,50,14,0.3,0,0,19,0.0,135,19,0.573,1.716,False,475499.0,0.3,0.0,0.0
2400,7,mid,50,14,0.3,1,0,11,0.0,61,11,0.426,1.669,False,234389.0,0.3,0.0,0.0
2400,7,mid,50,14,0.3,2,0,18,0.0,103,18,0.67,1.703,False,375576.0,0.3,0.0,0.0
2400,7,mid,50,14,0.5,0,0,19,0.0,135,19,0.573,1.702,False,475499.0,0.5,0.0,0.0
2400,7,mid,50,14,0.5,1,0,11,0.0,59,11,0.44,1.664,False,230359.0,0.5,0.0,0.0
2400,7,mid,50,14,0.5,2,0,18,0.0,102,18,0.679,1.691,False,372106.0,0.5,0.0,0.0
2400,7,mid,50,14,0.7,0,0,19,0.0,135,19,0.574,1.689,False,475499.0,0.7,0.0,0.0
2400,7,mid,50,14,0.7,1,0,11,0.0,59,11,0.44,1.662,False,230359.0,0.7,0.0,0.0
2400,7,mid,50,14,0.7,2,0,18,0.0,102,18,0.68,1.68,False,372106.0,0.7,0.0,0.0
2400,7,jackpot,20,7,0.3,0,15,200,0.0,2589,200,0.565,2.77,False,10923247.0,0.3,0.0,0.0
2400,7,jackpot,20,7,0.3,1,23,200,9.3,3976,200,0.614,6.934,False,12926394.0,0.3,0.0,0.0
2400,7,jackpot,20,7,0.3,2,23,200,7.0,4513,200,0.599,6.42,False,12443308.0,0.3,0.0,0.0
2400,7,jackpot,20,7,0.5,0,17,200,0.3,2874,200,0.57,3.32,False,11319408.0,0.5,0.0,0.0
2400,7,jackpot,20,7,0.5,1,18,166,0.0,2203,166,0.678,3.791,False,8901524.0,0.5,0.0,0.0
2400,7,jackpot,20,7,0.5,2,19,200,0.0,3551,200,0.617,4.053,False,10931629.0,0.5,0.0,0.0
2400,7,jackpot,20,7,0.7,0,7,117,0.0,906,117,0.526,1.207,False,5199637.0,0.7,0.0,0.0
2400,7,jackpot,20,7,0.7,1,8,116,0.0,792,116,0.592,2.328,False,4680620.0,0.7,0.0,0.0
2400,7,jackpot,20,7,0.7,2,9,107,0.0,1242,107,0.586,1.442,False,5547622.0,0.7,0.0,0.0
2400,7,jackpot,20,14,0.3,0,11,200,0.0,1933,200,0.565,0.021,False,9595828.0,0.3,0.0,0.0
2400,7,jackpot,20,14,0.3,1,26,200,27.3,4131,200,0.641,8.833,False,12728965.0,0.3,0.0,0.0
2400,7,jackpot,20,14,0.3,2,24,200,10.3,4543,200,0.611,6.797,False,12399673.0,0.3,0.0,0.0
2400,7,jackpot,20,14,0.5,0,5,117,0.0,860,117,0.54,1.565,False,4925548.0,0.5,0.0,0.0
2400,7,jackpot,20,14,0.5,1,3,116,0.0,528,116,0.588,1.536,False,4116639.0,0.5,0.0,0.0
2400,7,jackpot,20,14,0.5,2,6,107,0.0,1050,107,0.6,1.585,False,5182559.0,0.5,0.0,0.0
2400,7,jackpot,20,14,0.7,0,4,117,0.0,678,117,0.555,1.345,False,4107518.0,0.7,0.0,0.0
2400,7,jackpot,20,14,0.7,1,2,116,0.0,420,116,0.595,1.193,False,3502403.0,0.7,0.0,0.0
2400,7,jackpot,20,14,0.7,2,4,107,0.0,677,107,0.598,1.273,False,3702938.0,0.7,0.0,0.0
2400,7,jackpot,50,7,0.3,0,13,118,0.0,1676,118,0.519,2.237,False,7582446.0,0.3,0.0,0.0
2400,7,jackpot,50,7,0.3,1,12,116,0.0,1540,116,0.623,2.154,False,8130292.0,0.3,0.0,0.0
2400,7,jackpot,50,7,0.3,2,13,111,0.0,1839,111,0.593,2.267,False,7155046.0,0.3,0.0,0.0
2400,7,jackpot,50,7,0.5,0,10,117,0.0,1423,117,0.516,1.771,False,6952433.0,0.5,0.0,0.0
2400,7,jackpot,50,7,0.5,1,9,116,0.0,1199,116,0.624,1.713,False,6855158.0,0.5,0.0,0.0
2400,7,jackpot,50,7,0.5,2,11,107,0.0,1556,107,0.582,1.784,False,6688025.0,0.5,0.0,0.0
2400,7,jackpot,50,7,0.7,0,8,117,0.0,1110,117,0.53,1.432,False,6441514.0,0.7,0.0,0.0
2400,7,jackpot,50,7,0.7,1,8,116,0.0,938,116,0.614,1.559,False,5285529.0,0.7,0.0,0.0
2400,7,jackpot,50,7,0.7,2,9,107,0.0,1310,107,0.593,1.542,False,5733800.0,0.7,0.0,0.0
2400,7,jackpot,50,14,0.3,0,8,117,0.0,1163,117,0.543,1.92,False,6654896.0,0.3,0.0,0.0
2400,7,jackpot,50,14,0.3,1,6,116,0.0,899,116,0.608,1.894,False,5321055.0,0.3,0.0,0.0
2400,7,jackpot,50,14,0.3,2,9,107,0.0,1335,107,0.594,2.029,False,5970625.0,0.3,0.0,0.0
2400,7,jackpot,50,14,0.5,0,6,117,0.0,937,117,0.546,1.661,False,5037052.0,0.5,0.0,0.0
2400,7,jackpot,50,14,0.5,1,4,116,0.0,691,116,0.605,1.58,False,4545028.0,0.5,0.0,0.0
2400,7,jackpot,50,14,0.5,2,6,107,0.0,1026,107,0.603,1.629,False,5086635.0,0.5,0.0,0.0
2400,7,jackpot,50,14,0.7,0,5,117,0.0,827,117,0.559,1.493,False,4588979.0,0.7,0.0,0.0
2400,7,jackpot,50,14,0.7,1,3,116,0.0,571,116,0.594,1.45,False,4132558.0,0.7,0.0,0.0
2400,7,jackpot,50,14,0.7,2,5,107,0.0,852,107,0.607,1.412,False,4656748.0,0.7,0.0,0.0
2400,14,diffuse,20,7,0.3,0,0,1,0.0,61,1,0.0,1.663,False,141266.0,0.3,0.0,0.0
2400,14,diffuse,20,7,0.3,1,0,1,0.0,39,1,0.0,1.644,False,106839.0,0.3,0.0,0.0
2400,14,diffuse,20,7,0.3,2,0,3,0.0,47,3,0.586,1.717,False,112183.0,0.3,0.0,0.0
2400,14,diffuse,20,7,0.5,0,0,1,0.0,61,1,0.0,1.658,False,141266.0,0.5,0.0,0.0
2400,14,diffuse,20,7,0.5,1,0,1,0.0,39,1,0.0,1.643,False,106839.0,0.5,0.0,0.0
2400,14,diffuse,20,7,0.5,2,0,3,0.0,47,3,0.586,1.712,False,112183.0,0.5,0.0,0.0
2400,14,diffuse,20,7,0.7,0,0,1,0.0,61,1,0.0,1.653,False,141266.0,0.7,0.0,0.0
2400,14,diffuse,20,7,0.7,1,0,1,0.0,39,1,0.0,1.643,False,106839.0,0.7,0.0,0.0
2400,14,diffuse,20,7,0.7,2,0,3,0.0,47,3,0.586,1.706,False,112183.0,0.7,0.0,0.0
2400,14,diffuse,20,14,0.3,0,0,1,0.0,61,1,0.0,1.679,False,141266.0,0.3,0.0,0.0
2400,14,diffuse,20,14,0.3,1,0,1,0.0,39,1,0.0,1.658,False,106839.0,0.3,0.0,0.0
2400,14,diffuse,20,14,0.3,2,0,3,0.0,47,3,0.596,1.725,False,112183.0,0.3,0.0,0.0
2400,14,diffuse,20,14,0.5,0,0,1,0.0,61,1,0.0,1.674,False,141266.0,0.5,0.0,0.0
2400,14,diffuse,20,14,0.5,1,0,1,0.0,39,1,0.0,1.657,False,106839.0,0.5,0.0,0.0
2400,14,diffuse,20,14,0.5,2,0,3,0.0,47,3,0.596,1.72,False,112183.0,0.5,0.0,0.0
2400,14,diffuse,20,14,0.7,0,0,1,0.0,61,1,0.0,1.669,False,141266.0,0.7,0.0,0.0
2400,14,diffuse,20,14,0.7,1,0,1,0.0,39,1,0.0,1.656,False,106839.0,0.7,0.0,0.0
2400,14,diffuse,20,14,0.7,2,0,3,0.0,47,3,0.596,1.714,False,112183.0,0.7,0.0,0.0
2400,14,diffuse,50,7,0.3,0,0,1,0.0,61,1,0.0,1.628,False,141266.0,0.3,0.0,0.0
2400,14,diffuse,50,7,0.3,1,0,1,0.0,39,1,0.0,1.621,False,106839.0,0.3,0.0,0.0
2400,14,diffuse,50,7,0.3,2,0,3,0.0,45,3,0.586,1.647,False,109363.0,0.3,0.0,0.0
2400,14,diffuse,50,7,0.5,0,0,1,0.0,61,1,0.0,1.626,False,141266.0,0.5,0.0,0.0
2400,14,diffuse,50,7,0.5,1,0,1,0.0,39,1,0.0,1.621,False,106839.0,0.5,0.0,0.0
2400,14,diffuse,50,7,0.5,2,0,3,0.0,45,3,0.586,1.645,False,109363.0,0.5,0.0,0.0
2400,14,diffuse,50,7,0.7,0,0,1,0.0,61,1,0.0,1.624,False,141266.0,0.7,0.0,0.0
2400,14,diffuse,50,7,0.7,1,0,1,0.0,39,1,0.0,1.62,False,106839.0,0.7,0.0,0.0
2400,14,diffuse,50,7,0.7,2,0,3,0.0,45,3,0.586,1.643,False,109363.0,0.7,0.0,0.0
2400,14,diffuse,50,14,0.3,0,0,1,0.0,61,1,0.0,1.641,False,141266.0,0.3,0.0,0.0
2400,14,diffuse,50,14,0.3,1,0,1,0.0,39,1,0.0,1.633,False,106839.0,0.3,0.0,0.0
2400,14,diffuse,50,14,0.3,2,0,3,0.0,43,3,0.593,1.653,False,106400.0,0.3,0.0,0.0
2400,14,diffuse,50,14,0.5,0,0,1,0.0,61,1,0.0,1.639,False,141266.0,0.5,0.0,0.0
2400,14,diffuse,50,14,0.5,1,0,1,0.0,39,1,0.0,1.633,False,106839.0,0.5,0.0,0.0
2400,14,diffuse,50,14,0.5,2,0,3,0.0,43,3,0.593,1.651,False,106400.0,0.5,0.0,0.0
2400,14,diffuse,50,14,0.7,0,0,1,0.0,61,1,0.0,1.637,False,141266.0,0.7,0.0,0.0
2400,14,diffuse,50,14,0.7,1,0,1,0.0,39,1,0.0,1.632,False,106839.0,0.7,0.0,0.0
2400,14,diffuse,50,14,0.7,2,0,3,0.0,43,3,0.593,1.649,False,106400.0,0.7,0.0,0.0
2400,14,mid,20,7,0.3,0,7,200,0.0,49164,200,0.558,0.02,False,5895597.0,0.3,0.0,0.0
2400,14,mid,20,7,0.3,1,10,200,0.0,58157,200,0.576,0.02,False,5978917.0,0.3,0.0,0.0
2400,14,mid,20,7,0.3,2,7,200,0.0,50365,200,0.594,0.02,False,5881618.0,0.3,0.0,0.0
2400,14,mid,20,7,0.5,0,8,200,0.0,49708,200,0.559,0.02,False,6044003.0,0.5,0.0,0.0
2400,14,mid,20,7,0.5,1,11,147,5.7,1645,147,0.625,3.261,False,3791212.0,0.5,0.0,0.0
2400,14,mid,20,7,0.5,2,8,200,0.0,50958,200,0.596,0.02,False,6184966.0,0.5,0.0,0.0
2400,14,mid,20,7,0.7,0,9,196,1.0,37123,196,0.589,2.433,False,6167606.0,0.7,0.0,0.0
2400,14,mid,20,7,0.7,1,6,90,0.7,712,90,0.53,2.429,False,1863989.0,0.7,0.0,0.0
2400,14,mid,20,7,0.7,2,12,189,3.0,26109,189,0.62,2.633,False,6335475.0,0.7,0.0,0.0
2400,14,mid,20,14,0.3,0,10,200,0.0,61571,200,0.573,0.02,False,5948602.0,0.3,0.0,0.0
2400,14,mid,20,14,0.3,1,0,11,0.0,143,11,0.418,2.081,False,442391.0,0.3,0.0,0.0
2400,14,mid,20,14,0.3,2,10,200,0.0,63822,200,0.607,0.02,False,6213821.0,0.3,0.0,0.0
2400,14,mid,20,14,0.5,0,7,61,5.7,1033,61,0.608,3.05,False,2291644.0,0.5,0.0,0.0
2400,14,mid,20,14,0.5,1,0,11,0.0,142,11,0.417,2.033,False,441036.0,0.5,0.0,0.0
2400,14,mid,20,14,0.5,2,9,85,5.0,1281,85,0.648,3.193,False,2726028.0,0.5,0.0,0.0
2400,14,mid,20,14,0.7,0,0,26,1.0,527,26,0.609,2.337,False,1401790.0,0.7,0.0,0.0
2400,14,mid,20,14,0.7,1,0,11,0.0,141,11,0.41,1.987,False,439026.0,0.7,0.0,0.0
2400,14,mid,20,14,0.7,2,0,29,1.7,560,29,0.663,2.296,False,1434656.0,0.7,0.0,0.0
2400,14,mid,50,7,0.3,0,0,34,1.0,476,34,0.595,1.892,False,1384744.0,0.3,0.0,0.0
2400,14,mid,50,7,0.3,1,0,21,0.0,165,21,0.453,1.756,False,517021.0,0.3,0.0,0.0
2400,14,mid,50,7,0.3,2,0,37,0.0,538,37,0.648,1.9,False,1527209.0,0.3,0.0,0.0
2400,14,mid,50,7,0.5,0,0,33,0.7,464,33,0.584,1.823,False,1367653.0,0.5,0.0,0.0
2400,14,mid,50,7,0.5,1,0,21,0.0,161,21,0.46,1.74,False,508278.0,0.5,0.0,0.0
2400,14,mid,50,7,0.5,2,0,34,0.0,487,34,0.655,1.818,False,1404709.0,0.5,0.0,0.0
2400,14,mid,50,7,0.7,0,0,30,0.7,413,30,0.613,1.771,False,1232404.0,0.7,0.0,0.0
2400,14,mid,50,7,0.7,1,0,21,0.0,161,21,0.453,1.723,False,508278.0,0.7,0.0,0.0
2400,14,mid,50,7,0.7,2,0,33,0.0,463,33,0.656,1.756,False,1353425.0,0.7,0.0,0.0
2400,14,mid,50,14,0.3,0,0,19,1.0,392,19,0.547,1.88,False,1155442.0,0.3,0.0,0.0
2400,14,mid,50,14,0.3,1,0,11,0.0,118,11,0.399,1.745,False,396136.0,0.3,0.0,0.0
2400,14,mid,50,14,0.3,2,0,18,0.0,374,18,0.659,1.871,False,1084206.0,0.3,0.0,0.0
2400,14,mid,50,14,0.5,0,0,19,0.7,376,19,0.549,1.83,False,1124055.0,0.5,0.0,0.0
2400,14,mid,50,14,0.5,1,0,11,0.0,116,11,0.407,1.732,False,391522.0,0.5,0.0,0.0
2400,14,mid,50,14,0.5,2,0,18,0.0,375,18,0.664,1.818,False,1087156.0,0.5,0.0,0.0
2400,14,mid,50,14,0.7,0,0,19,0.7,367,19,0.554,1.782,False,1106287.0,0.7,0.0,0.0
2400,14,mid,50,14,0.7,1,0,11,0.0,116,11,0.408,1.722,False,391522.0,0.7,0.0,0.0
2400,14,mid,50,14,0.7,2,0,18,0.0,351,18,0.669,1.771,False,1040323.0,0.7,0.0,0.0
2400,14,jackpot,20,7,0.3,0,21,200,17.3,3561,200,0.566,1.8,False,19086923.0,0.3,0.0,0.0
2400,14,jackpot,20,7,0.3,1,27,200,58.7,4504,200,0.604,2.76,True,20710476.0,0.3,0.0,0.0
2400,14,jackpot,20,7,0.3,2,30,200,85.0,5414,200,0.598,2.893,True,21922429.0,0.3,0.0,0.0
2400,14,jackpot,20,7,0.5,0,15,195,1.7,2693,195,0.57,1.329,False,15446658.0,0.5,0.0,0.0
2400,14,jackpot,20,7,0.5,1,7,116,0.0,1088,116,0.608,1.008,False,7660979.0,0.5,0.0,0.0
2400,14,jackpot,20,7,0.5,2,20,200,7.0,3743,200,0.617,1.631,False,16677162.0,0.5,0.0,0.0
2400,14,jackpot,20,7,0.7,0,7,117,0.0,1104,117,0.537,0.816,False,7448391.0,0.7,0.0,0.0
2400,14,jackpot,20,7,0.7,1,7,116,0.0,972,116,0.586,1.075,False,6676137.0,0.7,0.0,0.0
2400,14,jackpot,20,7,0.7,2,9,107,0.0,1362,107,0.59,0.863,False,7281743.0,0.7,0.0,0.0
2400,14,jackpot,20,14,0.3,0,25,200,33.0,4316,200,0.566,2.149,False,20328286.0,0.3,0.0,0.0
2400,14,jackpot,20,14,0.3,1,28,199,63.0,4371,199,0.624,2.776,True,21061214.0,0.3,0.0,0.0
2400,14,jackpot,20,14,0.3,2,30,200,86.3,5418,200,0.601,2.933,True,21972536.0,0.3,0.0,0.0
2400,14,jackpot,20,14,0.5,0,7,117,1.0,1285,117,0.554,1.059,False,8287745.0,0.5,0.0,0.0
2400,14,jackpot,20,14,0.5,1,14,116,6.3,1614,116,0.6,1.655,False,8855540.0,0.5,0.0,0.0
2400,14,jackpot,20,14,0.5,2,9,107,0.0,1514,107,0.595,1.059,False,8176817.0,0.5,0.0,0.0
2400,14,jackpot,20,14,0.7,0,5,117,1.0,1130,117,0.577,1.17,False,6582443.0,0.7,0.0,0.0
2400,14,jackpot,20,14,0.7,1,2,116,2.7,817,116,0.601,1.388,False,5335066.0,0.7,0.0,0.0
2400,14,jackpot,20,14,0.7,2,5,107,0.0,1048,107,0.626,0.942,False,6374607.0,0.7,0.0,0.0
2400,14,jackpot,50,7,0.3,0,19,161,11.7,3022,161,0.543,1.661,False,15090118.0,0.3,0.0,0.0
2400,14,jackpot,50,7,0.3,1,17,149,5.7,2473,149,0.637,1.634,False,14836738.0,0.3,0.0,0.0
2400,14,jackpot,50,7,0.3,2,19,163,7.7,3227,163,0.605,1.648,False,14993554.0,0.3,0.0,0.0
2400,14,jackpot,50,7,0.5,0,14,133,1.0,2078,133,0.529,1.285,False,11938242.0,0.5,0.0,0.0
2400,14,jackpot,50,7,0.5,1,13,116,1.3,1778,116,0.615,1.305,False,11257136.0,0.5,0.0,0.0
2400,14,jackpot,50,7,0.5,2,16,140,3.3,2485,140,0.62,1.346,False,11375933.0,0.5,0.0,0.0
2400,14,jackpot,50,7,0.7,0,12,117,1.0,1695,117,0.522,1.13,False,9758153.0,0.7,0.0,0.0
2400,14,jackpot,50,7,0.7,1,10,116,0.0,1396,116,0.612,1.095,False,9506268.0,0.7,0.0,0.0
2400,14,jackpot,50,7,0.7,2,13,107,1.3,1930,107,0.586,1.139,False,9663620.0,0.7,0.0,0.0
2400,14,jackpot,50,14,0.3,0,19,117,11.7,2511,117,0.517,1.67,False,12189999.0,0.3,0.0,0.0
2400,14,jackpot,50,14,0.3,1,16,116,4.7,2161,116,0.623,1.582,False,12582321.0,0.3,0.0,0.0
2400,14,jackpot,50,14,0.3,2,19,107,5.0,2625,107,0.584,1.6,False,12838909.0,0.3,0.0,0.0
2400,14,jackpot,50,14,0.5,0,12,117,1.3,1717,117,0.54,1.293,False,9779607.0,0.5,0.0,0.0
2400,14,jackpot,50,14,0.5,1,9,116,2.7,1445,116,0.603,1.412,False,8585563.0,0.5,0.0,0.0
2400,14,jackpot,50,14,0.5,2,14,107,3.0,1966,107,0.591,1.271,False,9909960.0,0.5,0.0,0.0
2400,14,jackpot,50,14,0.7,0,8,117,1.0,1370,117,0.551,1.167,False,8547071.0,0.7,0.0,0.0
2400,14,jackpot,50,14,0.7,1,6,116,1.3,1178,116,0.592,1.283,False,7315918.0,0.7,0.0,0.0
2400,14,jackpot,50,14,0.7,2,10,107,0.7,1548,107,0.598,1.107,False,8649210.0,0.7,0.0,0.0
2400,30,diffuse,20,7,0.3,0,0,9,1.0,118,9,0.555,1.708,False,271843.0,0.3,0.0,0.0
2400,30,diffuse,20,7,0.3,1,0,5,0.7,67,5,0.257,1.686,False,169316.0,0.3,0.0,0.0
2400,30,diffuse,20,7,0.3,2,0,7,3.0,196,7,0.643,1.766,False,428220.0,0.3,0.0,0.0
2400,30,diffuse,20,7,0.5,0,0,8,1.0,118,8,0.535,1.685,False,271239.0,0.5,0.0,0.0
2400,30,diffuse,20,7,0.5,1,0,5,0.7,67,5,0.257,1.678,False,169316.0,0.5,0.0,0.0
2400,30,diffuse,20,7,0.5,2,0,6,2.7,100,6,0.644,1.728,False,221412.0,0.5,0.0,0.0
2400,30,diffuse,20,7,0.7,0,0,8,1.0,118,8,0.541,1.665,False,271239.0,0.7,0.0,0.0
2400,30,diffuse,20,7,0.7,1,0,5,0.7,67,5,0.257,1.67,False,169316.0,0.7,0.0,0.0
2400,30,diffuse,20,7,0.7,2,0,6,2.3,100,6,0.65,1.707,False,221281.0,0.7,0.0,0.0
2400,30,diffuse,20,14,0.3,0,0,1,1.0,81,1,0.0,1.672,False,188241.0,0.3,0.0,0.0
2400,30,diffuse,20,14,0.3,1,0,2,0.3,49,2,0.108,1.654,False,126824.0,0.3,0.0,0.0
2400,30,diffuse,20,14,0.3,2,0,3,2.7,84,3,0.584,1.719,False,184482.0,0.3,0.0,0.0
2400,30,diffuse,20,14,0.5,0,0,1,1.0,81,1,0.0,1.661,False,188241.0,0.5,0.0,0.0
2400,30,diffuse,20,14,0.5,1,0,2,0.3,49,2,0.108,1.651,False,126824.0,0.5,0.0,0.0
2400,30,diffuse,20,14,0.5,2,0,3,2.3,82,3,0.585,1.706,False,181563.0,0.5,0.0,0.0
2400,30,diffuse,20,14,0.7,0,0,1,1.0,81,1,0.0,1.651,False,188241.0,0.7,0.0,0.0
2400,30,diffuse,20,14,0.7,1,0,2,0.3,49,2,0.108,1.649,False,126824.0,0.7,0.0,0.0
2400,30,diffuse,20,14,0.7,2,0,3,2.3,82,3,0.585,1.693,False,181563.0,0.7,0.0,0.0
2400,30,diffuse,50,7,0.3,0,0,5,1.0,96,5,0.532,1.638,False,224598.0,0.3,0.0,0.0
2400,30,diffuse,50,7,0.3,1,0,4,0.3,60,4,0.299,1.636,False,153716.0,0.3,0.0,0.0
2400,30,diffuse,50,7,0.3,2,0,4,1.7,92,4,0.634,1.653,False,200873.0,0.3,0.0,0.0
2400,30,diffuse,50,7,0.5,0,0,5,1.0,96,5,0.538,1.633,False,224598.0,0.5,0.0,0.0
2400,30,diffuse,50,7,0.5,1,0,4,0.3,60,4,0.299,1.633,False,153716.0,0.5,0.0,0.0
2400,30,diffuse,50,7,0.5,2,0,4,1.7,92,4,0.634,1.647,False,200873.0,0.5,0.0,0.0
2400,30,diffuse,50,7,0.7,0,0,5,1.0,96,5,0.538,1.627,False,224598.0,0.7,0.0,0.0
2400,30,diffuse,50,7,0.7,1,0,4,0.3,60,4,0.299,1.631,False,153716.0,0.7,0.0,0.0
2400,30,diffuse,50,7,0.7,2,0,4,1.3,92,4,0.634,1.641,False,200873.0,0.7,0.0,0.0
2400,30,diffuse,50,14,0.3,0,0,1,1.0,81,1,0.0,1.638,False,188241.0,0.3,0.0,0.0
2400,30,diffuse,50,14,0.3,1,0,2,0.3,49,2,0.108,1.632,False,126824.0,0.3,0.0,0.0
2400,30,diffuse,50,14,0.3,2,0,3,1.7,82,3,0.588,1.655,False,181528.0,0.3,0.0,0.0
2400,30,diffuse,50,14,0.5,0,0,1,1.0,81,1,0.0,1.634,False,188241.0,0.5,0.0,0.0
2400,30,diffuse,50,14,0.5,1,0,2,0.3,49,2,0.108,1.631,False,126824.0,0.5,0.0,0.0
2400,30,diffuse,50,14,0.5,2,0,3,1.7,82,3,0.588,1.65,False,181528.0,0.5,0.0,0.0
2400,30,diffuse,50,14,0.7,0,0,1,1.0,81,1,0.0,1.63,False,188241.0,0.7,0.0,0.0
2400,30,diffuse,50,14,0.7,1,0,2,0.3,49,2,0.108,1.63,False,126824.0,0.7,0.0,0.0
2400,30,diffuse,50,14,0.7,2,0,3,1.3,82,3,0.588,1.645,False,181528.0,0.7,0.0,0.0
2400,30,mid,20,7,0.3,0,7,200,0.0,48636,200,0.553,0.02,False,7083277.0,0.3,0.0,0.0
2400,30,mid,20,7,0.3,1,25,200,169.7,196270,200,0.574,5.205,True,22734044.0,0.3,0.0,0.0
2400,30,mid,20,7,0.3,2,7,200,0.0,49964,200,0.591,0.02,False,7258094.0,0.3,0.0,0.0
2400,30,mid,20,7,0.5,0,7,200,0.0,49577,200,0.553,0.02,False,7538010.0,0.5,0.0,0.0
2400,30,mid,20,7,0.5,1,23,200,68.7,82660,200,0.593,2.723,True,14754134.0,0.5,0.0,0.0
2400,30,mid,20,7,0.5,2,8,200,0.0,51040,200,0.591,0.02,False,7656950.0,0.5,0.0,0.0
2400,30,mid,20,7,0.7,0,10,199,10.3,37904,199,0.591,1.563,False,8533183.0,0.7,0.0,0.0
2400,30,mid,20,7,0.7,1,10,157,11.3,1578,157,0.625,1.755,False,5188798.0,0.7,0.0,0.0
2400,30,mid,20,7,0.7,2,11,200,9.0,51052,200,0.626,1.614,False,9936718.0,0.7,0.0,0.0
2400,30,mid,20,14,0.3,0,9,200,0.0,62069,200,0.559,0.02,False,8736867.0,0.3,0.0,0.0
2400,30,mid,20,14,0.3,1,11,200,0.0,57100,200,0.578,0.02,False,7348905.0,0.3,0.0,0.0
2400,30,mid,20,14,0.3,2,10,200,0.0,63298,200,0.594,0.02,False,9001192.0,0.3,0.0,0.0
2400,30,mid,20,14,0.5,0,15,188,29.0,37621,188,0.586,1.969,False,9395362.0,0.5,0.0,0.0
2400,30,mid,20,14,0.5,1,9,101,22.7,1106,101,0.555,2.031,False,3254239.0,0.5,0.0,0.0
2400,30,mid,20,14,0.5,2,17,185,35.3,26324,185,0.628,2.04,False,9470208.0,0.5,0.0,0.0
2400,30,mid,20,14,0.7,0,8,78,10.7,1230,78,0.582,1.563,False,3884828.0,0.7,0.0,0.0
2400,30,mid,20,14,0.7,1,6,57,15.7,629,57,0.445,1.843,False,1909771.0,0.7,0.0,0.0
2400,30,mid,20,14,0.7,2,10,80,5.7,1256,80,0.636,1.542,False,3969730.0,0.7,0.0,0.0
2400,30,mid,50,7,0.3,0,10,72,19.7,1422,72,0.555,1.79,True,4476685.0,0.3,0.0,0.0
2400,30,mid,50,7,0.3,1,4,45,12.7,609,45,0.423,1.778,False,1943179.0,0.3,0.0,0.0
2400,30,mid,50,7,0.3,2,11,75,19.0,1494,75,0.616,1.787,True,4668794.0,0.3,0.0,0.0
2400,30,mid,50,7,0.5,0,7,61,14.3,1171,61,0.566,1.639,False,3740264.0,0.5,0.0,0.0
2400,30,mid,50,7,0.5,1,3,44,9.3,549,44,0.422,1.705,False,1779782.0,0.5,0.0,0.0
2400,30,mid,50,7,0.5,2,9,65,10.0,1217,65,0.625,1.637,False,3846465.0,0.5,0.0,0.0
2400,30,mid,50,7,0.7,0,5,56,9.0,1031,56,0.562,1.538,False,3338288.0,0.7,0.0,0.0
2400,30,mid,50,7,0.7,1,3,42,7.3,520,42,0.433,1.642,False,1692268.0,0.7,0.0,0.0
2400,30,mid,50,7,0.7,2,7,58,5.3,1065,58,0.619,1.534,False,3426630.0,0.7,0.0,0.0
2400,30,mid,50,14,0.3,0,0,37,20.3,900,37,0.567,1.812,False,2745501.0,0.3,0.0,0.0
2400,30,mid,50,14,0.3,1,0,21,11.3,290,21,0.42,1.759,False,915222.0,0.3,0.0,0.0
2400,30,mid,50,14,0.3,2,2,40,20.0,981,40,0.645,1.809,False,2954092.0,0.3,0.0,0.0
2400,30,mid,50,14,0.5,0,0,33,17.7,825,33,0.571,1.696,False,2541678.0,0.5,0.0,0.0
2400,30,mid,50,14,0.5,1,0,21,10.3,282,21,0.421,1.725,False,895850.0,0.5,0.0,0.0
2400,30,mid,50,14,0.5,2,0,37,13.0,905,37,0.65,1.676,False,2759608.0,0.5,0.0,0.0
2400,30,mid,50,14,0.7,0,0,30,14.0,723,30,0.596,1.623,False,2259147.0,0.7,0.0,0.0
2400,30,mid,50,14,0.7,1,0,21,8.7,280,21,0.422,1.692,False,891419.0,0.7,0.0,0.0
2400,30,mid,50,14,0.7,2,0,30,7.0,805,30,0.633,1.59,False,2494096.0,0.7,0.0,0.0
2400,30,jackpot,20,7,0.3,0,26,200,51.0,4259,200,0.572,1.201,True,27334030.0,0.3,0.0,0.0
2400,30,jackpot,20,7,0.3,1,30,200,108.0,4792,200,0.605,1.611,True,28423553.0,0.3,0.0,0.0
2400,30,jackpot,20,7,0.3,2,9,200,0.0,1733,200,0.596,0.02,False,11224181.0,0.3,0.0,0.0
2400,30,jackpot,20,7,0.5,0,13,167,14.0,2415,167,0.559,0.807,False,16110455.0,0.5,0.0,0.0
2400,30,jackpot,20,7,0.5,1,10,116,5.3,1434,116,0.601,0.776,False,10431754.0,0.5,0.0,0.0
2400,30,jackpot,20,7,0.5,2,21,200,28.7,3851,200,0.626,0.96,False,21775703.0,0.5,0.0,0.0
2400,30,jackpot,20,7,0.7,0,9,117,3.3,1394,117,0.537,0.667,False,9535160.0,0.7,0.0,0.0
2400,30,jackpot,20,7,0.7,1,10,116,4.7,1214,116,0.592,0.756,False,8313016.0,0.7,0.0,0.0
2400,30,jackpot,20,7,0.7,2,10,110,3.0,1588,110,0.601,0.647,False,10093279.0,0.7,0.0,0.0
2400,30,jackpot,20,14,0.3,0,30,200,82.0,5129,200,0.562,1.388,True,32207231.0,0.3,0.0,0.0
2400,30,jackpot,20,14,0.3,1,28,197,66.0,4184,197,0.63,1.348,True,26328710.0,0.3,0.0,0.0
2400,30,jackpot,20,14,0.3,2,30,200,121.7,5735,200,0.598,1.741,True,31108395.0,0.3,0.0,0.0
2400,30,jackpot,20,14,0.5,0,10,117,9.7,1721,117,0.549,0.779,False,11447699.0,0.5,0.0,0.0
2400,30,jackpot,20,14,0.5,1,16,116,21.0,2002,116,0.598,0.978,False,13327659.0,0.5,0.0,0.0
2400,30,jackpot,20,14,0.5,2,12,107,4.0,1931,107,0.601,0.736,False,12049048.0,0.5,0.0,0.0
2400,30,jackpot,20,14,0.7,0,6,117,5.0,1336,117,0.595,0.729,False,9379538.0,0.7,0.0,0.0
2400,30,jackpot,20,14,0.7,1,9,116,15.3,1269,116,0.589,0.923,False,8760329.0,0.7,0.0,0.0
2400,30,jackpot,20,14,0.7,2,7,107,4.0,1486,107,0.622,0.733,False,9079417.0,0.7,0.0,0.0
2400,30,jackpot,50,7,0.3,0,26,174,49.3,3914,174,0.553,1.196,True,25140717.0,0.3,0.0,0.0
2400,30,jackpot,50,7,0.3,1,24,167,44.7,3493,167,0.634,1.223,True,23735235.0,0.3,0.0,0.0
2400,30,jackpot,50,7,0.3,2,27,177,56.0,4232,177,0.603,1.206,True,25319811.0,0.3,0.0,0.0
2400,30,jackpot,50,7,0.5,0,19,151,26.7,2946,151,0.54,0.977,False,18278739.0,0.5,0.0,0.0
2400,30,jackpot,50,7,0.5,1,17,136,21.0,2380,136,0.634,0.983,False,17553242.0,0.5,0.0,0.0
2400,30,jackpot,50,7,0.5,2,19,150,28.3,3174,150,0.606,0.964,False,18501660.0,0.5,0.0,0.0
2400,30,jackpot,50,7,0.7,0,15,129,18.3,2336,129,0.539,0.851,False,14796882.0,0.7,0.0,0.0
2400,30,jackpot,50,7,0.7,1,12,116,11.0,1829,116,0.607,0.873,False,13339434.0,0.7,0.0,0.0
2400,30,jackpot,50,7,0.7,2,16,131,15.0,2554,131,0.624,0.847,False,15227230.0,0.7,0.0,0.0
2400,30,jackpot,50,14,0.3,0,28,126,67.0,3490,126,0.521,1.28,True,18862888.0,0.3,0.0,0.0
2400,30,jackpot,50,14,0.3,1,23,116,40.7,3023,116,0.619,1.188,True,20332493.0,0.3,0.0,0.0
2400,30,jackpot,50,14,0.3,2,26,127,54.0,3466,127,0.594,1.19,True,20783799.0,0.3,0.0,0.0
2400,30,jackpot,50,14,0.5,0,19,117,27.7,2573,117,0.527,0.981,False,15601465.0,0.5,0.0,0.0
2400,30,jackpot,50,14,0.5,1,16,116,21.0,2173,116,0.614,0.979,False,15491480.0,0.5,0.0,0.0
2400,30,jackpot,50,14,0.5,2,18,107,22.7,2726,107,0.588,0.924,False,16587508.0,0.5,0.0,0.0
2400,30,jackpot,50,14,0.7,0,16,117,19.0,2105,117,0.546,0.862,False,13933931.0,0.7,0.0,0.0
2400,30,jackpot,50,14,0.7,1,14,116,14.0,1825,116,0.61,0.903,False,13257291.0,0.7,0.0,0.0
2400,30,jackpot,50,14,0.7,2,16,107,11.7,2276,107,0.599,0.828,False,13963096.0,0.7,0.0,0.0
9600,7,diffuse,20,7,0.3,0,13,200,0.0,62446,200,0.574,0.02,False,20336882.0,0.3,0.0,0.0
9600,7,diffuse,20,7,0.3,1,10,200,0.0,719409,200,0.588,0.02,False,19397378.0,0.3,0.0,0.0
9600,7,diffuse,20,7,0.3,2,12,200,0.0,64493,200,0.595,0.02,False,20478926.0,0.3,0.0,0.0
9600,7,diffuse,20,7,0.5,0,6,158,0.0,1080,158,0.56,1.145,False,8766650.0,0.5,0.0,0.0
9600,7,diffuse,20,7,0.5,1,5,150,0.0,867,150,0.615,1.099,False,7576463.0,0.5,0.0,0.0
9600,7,diffuse,20,7,0.5,2,6,162,0.0,1041,162,0.616,1.046,False,8605773.0,0.5,0.0,0.0
9600,7,diffuse,20,7,0.7,0,4,158,0.0,821,158,0.565,0.907,False,7229751.0,0.7,0.0,0.0
9600,7,diffuse,20,7,0.7,1,4,150,0.0,717,150,0.615,1.031,False,6451037.0,0.7,0.0,0.0
9600,7,diffuse,20,7,0.7,2,4,162,0.0,853,162,0.625,0.963,False,7302797.0,0.7,0.0,0.0
9600,7,diffuse,20,14,0.3,0,6,158,0.0,1298,158,0.552,2.054,False,9691348.0,0.3,0.0,0.0
9600,7,diffuse,20,14,0.3,1,6,150,0.0,1019,150,0.612,1.579,False,8523229.0,0.3,0.0,0.0
9600,7,diffuse,20,14,0.3,2,6,162,0.0,1363,162,0.611,2.172,False,9768845.0,0.3,0.0,0.0
9600,7,diffuse,20,14,0.5,0,4,158,0.0,845,158,0.561,1.126,False,7426607.0,0.5,0.0,0.0
9600,7,diffuse,20,14,0.5,1,4,150,0.0,714,150,0.612,1.156,False,6534830.0,0.5,0.0,0.0
9600,7,diffuse,20,14,0.5,2,5,162,0.0,854,162,0.624,1.087,False,7426441.0,0.5,0.0,0.0
9600,7,diffuse,20,14,0.7,0,3,158,0.0,687,158,0.566,0.944,False,6329487.0,0.7,0.0,0.0
9600,7,diffuse,20,14,0.7,1,3,150,0.0,575,150,0.613,0.997,False,5519595.0,0.7,0.0,0.0
9600,7,diffuse,20,14,0.7,2,4,162,0.0,682,162,0.623,0.929,False,6254903.0,0.7,0.0,0.0
9600,7,diffuse,50,7,0.3,0,13,158,0.0,2131,158,0.529,1.68,False,14635538.0,0.3,0.0,0.0
9600,7,diffuse,50,7,0.3,1,13,150,0.0,1902,150,0.598,1.79,False,12969516.0,0.3,0.0,0.0
9600,7,diffuse,50,7,0.3,2,13,162,0.0,2202,162,0.571,1.676,False,14744219.0,0.3,0.0,0.0
9600,7,diffuse,50,7,0.5,0,10,158,0.0,1485,158,0.535,1.237,False,11478130.0,0.5,0.0,0.0
9600,7,diffuse,50,7,0.5,1,10,150,0.0,1394,150,0.615,1.318,False,10752331.0,0.5,0.0,0.0
9600,7,diffuse,50,7,0.5,2,10,162,0.0,1519,162,0.599,1.239,False,11454311.0,0.5,0.0,0.0
9600,7,diffuse,50,7,0.7,0,8,158,0.0,1217,158,0.54,1.079,False,9899768.0,0.7,0.0,0.0
9600,7,diffuse,50,7,0.7,1,8,150,0.0,1095,150,0.624,1.095,False,9101060.0,0.7,0.0,0.0
9600,7,diffuse,50,7,0.7,2,8,162,0.0,1239,162,0.607,1.065,False,9940591.0,0.7,0.0,0.0
9600,7,diffuse,50,14,0.3,0,9,158,0.0,1510,158,0.539,1.578,False,11223664.0,0.3,0.0,0.0
9600,7,diffuse,50,14,0.3,1,9,150,0.0,1323,150,0.616,1.617,False,10224358.0,0.3,0.0,0.0
9600,7,diffuse,50,14,0.3,2,10,162,0.0,1553,162,0.603,1.572,False,11322792.0,0.3,0.0,0.0
9600,7,diffuse,50,14,0.5,0,7,158,0.0,1183,158,0.546,1.29,False,9574879.0,0.5,0.0,0.0
9600,7,diffuse,50,14,0.5,1,6,150,0.0,999,150,0.618,1.309,False,8447163.0,0.5,0.0,0.0
9600,7,diffuse,50,14,0.5,2,7,162,0.0,1194,162,0.606,1.282,False,9513183.0,0.5,0.0,0.0
9600,7,diffuse,50,14,0.7,0,6,158,0.0,1023,158,0.554,1.15,False,8636303.0,0.7,0.0,0.0
9600,7,diffuse,50,14,0.7,1,5,150,0.0,859,150,0.611,1.202,False,7546103.0,0.7,0.0,0.0
9600,7,diffuse,50,14,0.7,2,6,162,0.0,1013,162,0.612,1.15,False,8486860.0,0.7,0.0,0.0
9600,7,mid,20,7,0.3,0,9,193,0.0,15088,193,0.562,0.833,False,21306086.0,0.3,0.0,0.0
9600,7,mid,20,7,0.3,1,9,194,0.0,14006,194,0.614,0.808,False,20127641.0,0.3,0.0,0.0
9600,7,mid,20,7,0.3,2,9,188,0.0,14960,188,0.604,0.783,False,21480966.0,0.3,0.0,0.0
9600,7,mid,20,7,0.5,0,5,193,0.0,14697,193,0.585,0.804,False,16987063.0,0.5,0.0,0.0
9600,7,mid,20,7,0.5,1,5,194,0.0,13551,194,0.62,0.798,False,15396906.0,0.5,0.0,0.0
9600,7,mid,20,7,0.5,2,5,188,0.0,14498,188,0.63,0.776,False,16305198.0,0.5,0.0,0.0
9600,7,mid,20,7,0.7,0,1,193,0.0,14105,193,0.594,0.63,False,10465813.0,0.7,0.0,0.0
9600,7,mid,20,7,0.7,1,1,194,0.0,13183,194,0.603,0.852,False,10416592.0,0.7,0.0,0.0
9600,7,mid,20,7,0.7,2,1,188,0.0,13740,188,0.592,0.365,False,8379612.0,0.7,0.0,0.0
9600,7,mid,20,14,0.3,0,7,193,0.0,14934,193,0.565,1.086,False,19608780.0,0.3,0.0,0.0
9600,7,mid,20,14,0.3,1,6,194,0.0,13793,194,0.607,1.002,False,18069216.0,0.3,0.0,0.0
9600,7,mid,20,14,0.3,2,7,188,0.0,14834,188,0.608,1.09,False,19811156.0,0.3,0.0,0.0
9600,7,mid,20,14,0.5,0,4,193,0.0,14363,193,0.573,0.686,False,14160153.0,0.5,0.0,0.0
9600,7,mid,20,14,0.5,1,4,194,0.0,13341,194,0.607,0.745,False,13309313.0,0.5,0.0,0.0
9600,7,mid,20,14,0.5,2,4,188,0.0,14182,188,0.622,0.654,False,13671777.0,0.5,0.0,0.0
9600,7,mid,20,14,0.7,0,1,193,0.0,13906,193,0.563,0.424,False,8654672.0,0.7,0.0,0.0
9600,7,mid,20,14,0.7,1,1,194,0.0,12951,194,0.576,0.519,False,8328994.0,0.7,0.0,0.0
9600,7,mid,20,14,0.7,2,1,188,0.0,13714,188,0.583,0.31,False,8044647.0,0.7,0.0,0.0
9600,7,mid,50,7,0.3,0,12,193,0.0,27517,193,0.554,1.053,False,29175736.0,0.3,0.0,0.0
9600,7,mid,50,7,0.3,1,12,194,0.0,25589,194,0.593,1.11,False,27013303.0,0.3,0.0,0.0
9600,7,mid,50,7,0.3,2,12,188,0.0,27227,188,0.59,1.022,False,29656851.0,0.3,0.0,0.0
9600,7,mid,50,7,0.5,0,10,193,0.0,15233,193,0.56,0.827,False,22882102.0,0.5,0.0,0.0
9600,7,mid,50,7,0.5,1,9,194,0.0,14158,194,0.61,0.87,False,21410057.0,0.5,0.0,0.0
9600,7,mid,50,7,0.5,2,10,188,0.0,15124,188,0.599,0.812,False,23130102.0,0.5,0.0,0.0
9600,7,mid,50,7,0.7,0,8,193,0.0,14942,193,0.563,0.728,False,20209849.0,0.7,0.0,0.0
9600,7,mid,50,7,0.7,1,8,194,0.0,13904,194,0.618,0.753,False,19143412.0,0.7,0.0,0.0
9600,7,mid,50,7,0.7,2,8,188,0.0,14810,188,0.608,0.711,False,20309099.0,0.7,0.0,0.0
9600,7,mid,50,14,0.3,0,10,193,0.0,27129,193,0.557,1.125,False,26569965.0,0.3,0.0,0.0
9600,7,mid,50,14,0.3,1,10,194,0.0,25025,194,0.6,1.142,False,24640395.0,0.3,0.0,0.0
9600,7,mid,50,14,0.3,2,11,188,0.0,26895,188,0.597,1.104,False,27261326.0,0.3,0.0,0.0
9600,7,mid,50,14,0.5,0,8,193,0.0,15070,193,0.564,0.934,False,21043612.0,0.5,0.0,0.0
9600,7,mid,50,14,0.5,1,8,194,0.0,13939,194,0.61,0.95,False,19481910.0,0.5,0.0,0.0
9600,7,mid,50,14,0.5,2,8,188,0.0,14951,188,0.602,0.916,False,21212932.0,0.5,0.0,0.0
9600,7,mid,50,14,0.7,0,6,193,0.0,14762,193,0.567,0.802,False,18331447.0,0.7,0.0,0.0
9600,7,mid,50,14,0.7,1,6,194,0.0,13680,194,0.612,0.831,False,17051602.0,0.7,0.0,0.0
9600,7,mid,50,14,0.7,2,7,188,0.0,14651,188,0.613,0.777,False,18558952.0,0.7,0.0,0.0
9600,7,jackpot,20,7,0.3,0,9,200,0.0,1800,200,0.566,0.391,False,40631548.0,0.3,0.0,0.0
9600,7,jackpot,20,7,0.3,1,10,199,0.0,1702,199,0.597,0.464,False,38946613.0,0.3,0.0,0.0
9600,7,jackpot,20,7,0.3,2,10,200,0.0,1931,200,0.607,0.41,False,38112459.0,0.3,0.0,0.0
9600,7,jackpot,20,7,0.5,0,7,200,0.0,1387,200,0.572,0.325,False,31196782.0,0.5,0.0,0.0
9600,7,jackpot,20,7,0.5,1,5,199,0.0,1121,199,0.633,0.526,False,26414182.0,0.5,0.0,0.0
9600,7,jackpot,20,7,0.5,2,8,200,0.0,1511,200,0.621,0.342,False,28622957.0,0.5,0.0,0.0
9600,7,jackpot,20,7,0.7,0,5,200,0.0,1058,200,0.592,0.284,False,26153926.0,0.7,0.0,0.0
9600,7,jackpot,20,7,0.7,1,1,199,0.0,238,199,0.574,0.029,False,8848856.0,0.7,0.0,0.0
9600,7,jackpot,20,7,0.7,2,5,200,0.0,1013,200,0.644,0.291,False,22967815.0,0.7,0.0,0.0
9600,7,jackpot,20,14,0.3,0,9,200,0.0,1847,200,0.566,0.56,False,37390363.0,0.3,0.0,0.0
9600,7,jackpot,20,14,0.3,1,8,199,0.0,1507,199,0.592,0.622,False,36063526.0,0.3,0.0,0.0
9600,7,jackpot,20,14,0.3,2,10,200,0.0,1869,200,0.613,0.479,False,36852779.0,0.3,0.0,0.0
9600,7,jackpot,20,14,0.5,0,6,200,0.0,1317,200,0.581,0.426,False,29429274.0,0.5,0.0,0.0
9600,7,jackpot,20,14,0.5,1,4,199,0.0,706,199,0.621,0.351,False,21049707.0,0.5,0.0,0.0
9600,7,jackpot,20,14,0.5,2,7,200,0.0,1339,200,0.627,0.388,False,27134619.0,0.5,0.0,0.0
9600,7,jackpot,20,14,0.7,0,5,200,0.0,1009,200,0.605,0.302,False,24726782.0,0.7,0.0,0.0
9600,7,jackpot,20,14,0.7,1,1,199,0.0,238,199,0.574,0.03,False,8848856.0,0.7,0.0,0.0
9600,7,jackpot,20,14,0.7,2,4,200,0.0,825,200,0.659,0.302,False,19789616.0,0.7,0.0,0.0
9600,7,jackpot,50,7,0.3,0,14,200,0.0,2695,200,0.554,0.631,False,50553658.0,0.3,0.0,0.0
9600,7,jackpot,50,7,0.3,1,14,199,0.0,2464,199,0.58,0.667,False,49753548.0,0.3,0.0,0.0
9600,7,jackpot,50,7,0.3,2,15,200,0.0,2897,200,0.595,0.682,False,44898713.0,0.3,0.0,0.0
9600,7,jackpot,50,7,0.5,0,11,200,0.0,2204,200,0.557,0.494,False,43640386.0,0.5,0.0,0.0
9600,7,jackpot,50,7,0.5,1,11,199,0.0,1985,199,0.588,0.513,False,43163305.0,0.5,0.0,0.0
9600,7,jackpot,50,7,0.5,2,12,200,0.0,2397,200,0.601,0.514,False,41025605.0,0.5,0.0,0.0
9600,7,jackpot,50,7,0.7,0,10,200,0.0,1837,200,0.562,0.402,False,40906756.0,0.7,0.0,0.0
9600,7,jackpot,50,7,0.7,1,9,199,0.0,1581,199,0.593,0.426,False,38079670.0,0.7,0.0,0.0
9600,7,jackpot,50,7,0.7,2,11,200,0.0,2031,200,0.605,0.429,False,37266060.0,0.7,0.0,0.0
9600,7,jackpot,50,14,0.3,0,15,200,0.0,2693,200,0.556,0.718,False,50337844.0,0.3,0.0,0.0
9600,7,jackpot,50,14,0.3,1,14,199,0.0,2383,199,0.588,0.69,False,49046410.0,0.3,0.0,0.0
9600,7,jackpot,50,14,0.3,2,16,200,0.0,2926,200,0.598,0.741,False,44748201.0,0.3,0.0,0.0
9600,7,jackpot,50,14,0.5,0,11,200,0.0,2121,200,0.563,0.558,False,42786941.0,0.5,0.0,0.0
9600,7,jackpot,50,14,0.5,1,11,199,0.0,1847,199,0.589,0.557,False,40895805.0,0.5,0.0,0.0
9600,7,jackpot,50,14,0.5,2,12,200,0.0,2330,200,0.604,0.573,False,39296988.0,0.5,0.0,0.0
9600,7,jackpot,50,14,0.7,0,9,200,0.0,1821,200,0.565,0.474,False,37515387.0,0.7,0.0,0.0
9600,7,jackpot,50,14,0.7,1,8,199,0.0,1424,199,0.595,0.479,False,34833067.0,0.7,0.0,0.0
9600,7,jackpot,50,14,0.7,2,10,200,0.0,1877,200,0.614,0.462,False,36895515.0,0.7,0.0,0.0
9600,14,diffuse,20,7,0.3,0,12,158,1.0,2091,158,0.532,0.837,False,17850151.0,0.3,0.0,0.0
9600,14,diffuse,20,7,0.3,1,10,200,0.0,69094,200,0.582,0.02,False,25778099.0,0.3,0.0,0.0
9600,14,diffuse,20,7,0.3,2,20,188,6.3,62923,188,0.593,1.221,False,33210015.0,0.3,0.0,0.0
9600,14,diffuse,20,7,0.5,0,9,158,0.7,1353,158,0.562,0.685,False,12307023.0,0.5,0.0,0.0
9600,14,diffuse,20,7,0.5,1,8,150,0.0,1168,150,0.624,0.724,False,10960744.0,0.5,0.0,0.0
9600,14,diffuse,20,7,0.5,2,8,162,0.0,1341,162,0.626,0.657,False,12191794.0,0.5,0.0,0.0
9600,14,diffuse,20,7,0.7,0,6,158,0.0,1074,158,0.58,0.616,False,10061730.0,0.7,0.0,0.0
9600,14,diffuse,20,7,0.7,1,5,150,0.0,975,150,0.622,0.718,False,9261399.0,0.7,0.0,0.0
9600,14,diffuse,20,7,0.7,2,7,162,0.0,1070,162,0.64,0.611,False,10062731.0,0.7,0.0,0.0
9600,14,diffuse,20,14,0.3,0,21,158,31.0,2645,158,0.579,1.593,False,18469879.0,0.3,0.0,0.0
9600,14,diffuse,20,14,0.3,1,13,150,9.7,1822,150,0.616,1.335,False,14708900.0,0.3,0.0,0.0
9600,14,diffuse,20,14,0.3,2,12,162,5.0,2157,162,0.626,1.183,False,16580303.0,0.3,0.0,0.0
9600,14,diffuse,20,14,0.5,0,6,158,1.0,1459,158,0.6,0.925,False,12198214.0,0.5,0.0,0.0
9600,14,diffuse,20,14,0.5,1,5,150,3.7,1277,150,0.625,1.123,False,10890760.0,0.5,0.0,0.0
9600,14,diffuse,20,14,0.5,2,7,162,1.7,1429,162,0.645,0.884,False,12083733.0,0.5,0.0,0.0
9600,14,diffuse,20,14,0.7,0,4,158,1.0,1083,158,0.605,0.777,False,9648720.0,0.7,0.0,0.0
9600,14,diffuse,20,14,0.7,1,4,150,1.0,942,150,0.632,0.921,False,8525483.0,0.7,0.0,0.0
9600,14,diffuse,20,14,0.7,2,5,162,0.0,1119,162,0.665,0.759,False,9884224.0,0.7,0.0,0.0
9600,14,diffuse,50,7,0.3,0,18,162,9.0,3160,162,0.536,1.203,False,23736032.0,0.3,0.0,0.0
9600,14,diffuse,50,7,0.3,1,18,168,7.7,12206,168,0.611,1.294,False,22662965.0,0.3,0.0,0.0
9600,14,diffuse,50,7,0.3,2,19,164,5.0,3226,164,0.579,1.195,False,24047669.0,0.3,0.0,0.0
9600,14,diffuse,50,7,0.5,0,13,158,1.0,2142,158,0.534,0.885,False,18026548.0,0.5,0.0,0.0
9600,14,diffuse,50,7,0.5,1,13,150,1.3,1976,150,0.599,0.97,False,16665975.0,0.5,0.0,0.0
9600,14,diffuse,50,7,0.5,2,13,162,1.7,2189,162,0.59,0.882,False,18198045.0,0.5,0.0,0.0
9600,14,diffuse,50,7,0.7,0,11,158,1.0,1770,158,0.545,0.793,False,15420395.0,0.7,0.0,0.0
9600,14,diffuse,50,7,0.7,1,10,150,0.3,1569,150,0.616,0.832,False,13933998.0,0.7,0.0,0.0
9600,14,diffuse,50,7,0.7,2,11,162,0.0,1808,162,0.609,0.779,False,15599406.0,0.7,0.0,0.0
9600,14,diffuse,50,14,0.3,0,18,158,7.0,2696,158,0.541,1.17,False,20635631.0,0.3,0.0,0.0
9600,14,diffuse,50,14,0.3,1,17,150,5.3,2438,150,0.618,1.215,False,18987894.0,0.3,0.0,0.0
9600,14,diffuse,50,14,0.3,2,18,162,4.3,2752,162,0.606,1.148,False,20859338.0,0.3,0.0,0.0
9600,14,diffuse,50,14,0.5,0,14,158,1.3,2058,158,0.554,0.981,False,16735257.0,0.5,0.0,0.0
9600,14,diffuse,50,14,0.5,1,11,150,2.3,1754,150,0.622,1.027,False,14851820.0,0.5,0.0,0.0
9600,14,diffuse,50,14,0.5,2,14,162,3.0,2074,162,0.621,0.956,False,16831420.0,0.5,0.0,0.0
9600,14,diffuse,50,14,0.7,0,10,158,1.0,1713,158,0.567,0.881,False,14469133.0,0.7,0.0,0.0
9600,14,diffuse,50,14,0.7,1,9,150,1.3,1452,150,0.623,0.947,False,12773736.0,0.7,0.0,0.0
9600,14,diffuse,50,14,0.7,2,10,162,1.7,1724,162,0.626,0.868,False,14548066.0,0.7,0.0,0.0
9600,14,mid,20,7,0.3,0,11,193,1.0,15558,193,0.57,0.533,False,29474141.0,0.3,0.0,0.0
9600,14,mid,20,7,0.3,1,11,194,0.3,24982,194,0.619,0.568,False,28875852.0,0.3,0.0,0.0
9600,14,mid,20,7,0.3,2,11,188,0.0,15451,188,0.609,0.525,False,29725365.0,0.3,0.0,0.0
9600,14,mid,20,7,0.5,0,9,193,0.7,14911,193,0.594,0.458,False,21674574.0,0.5,0.0,0.0
9600,14,mid,20,7,0.5,1,8,194,0.0,13837,194,0.642,0.48,False,20419809.0,0.5,0.0,0.0
9600,14,mid,20,7,0.5,2,8,188,0.0,14739,188,0.649,0.435,False,21309921.0,0.5,0.0,0.0
9600,14,mid,20,7,0.7,0,8,193,1.0,14834,193,0.645,0.552,False,18451094.0,0.7,0.0,0.0
9600,14,mid,20,7,0.7,1,8,194,0.7,13834,194,0.656,0.583,False,18308483.0,0.7,0.0,0.0
9600,14,mid,20,7,0.7,2,1,188,0.0,14102,188,0.67,0.437,False,12313738.0,0.7,0.0,0.0
9600,14,mid,20,14,0.3,0,11,193,2.7,15783,193,0.587,0.696,False,30217692.0,0.3,0.0,0.0
9600,14,mid,20,14,0.3,1,11,194,7.0,14607,194,0.626,0.847,False,27778854.0,0.3,0.0,0.0
9600,14,mid,20,14,0.3,2,11,188,4.0,15718,188,0.627,0.734,False,30748168.0,0.3,0.0,0.0
9600,14,mid,20,14,0.5,0,6,193,1.0,14997,193,0.621,0.595,False,21370741.0,0.5,0.0,0.0
9600,14,mid,20,14,0.5,1,5,194,3.0,13889,194,0.641,0.722,False,19730507.0,0.5,0.0,0.0
9600,14,mid,20,14,0.5,2,5,188,2.0,14797,188,0.66,0.595,False,20590498.0,0.5,0.0,0.0
9600,14,mid,20,14,0.7,0,1,193,1.0,14240,193,0.649,0.499,False,12135258.0,0.7,0.0,0.0
9600,14,mid,20,14,0.7,1,1,194,0.7,13228,194,0.633,0.593,False,11325861.0,0.7,0.0,0.0
9600,14,mid,20,14,0.7,2,1,188,0.0,13737,188,0.591,0.317,False,8312051.0,0.7,0.0,0.0
9600,14,mid,50,7,0.3,0,17,193,5.3,28684,193,0.555,0.752,False,43315955.0,0.3,0.0,0.0
9600,14,mid,50,7,0.3,1,17,194,4.7,36913,194,0.595,0.794,False,41628144.0,0.3,0.0,0.0
9600,14,mid,50,7,0.3,2,17,188,4.0,28517,188,0.593,0.735,False,43813873.0,0.3,0.0,0.0
9600,14,mid,50,7,0.5,0,13,193,1.0,27547,193,0.568,0.592,False,35362376.0,0.5,0.0,0.0
9600,14,mid,50,7,0.5,1,13,194,1.3,25355,194,0.61,0.64,False,32561790.0,0.5,0.0,0.0
9600,14,mid,50,7,0.5,2,13,188,2.3,15876,188,0.603,0.598,False,33957515.0,0.5,0.0,0.0
9600,14,mid,50,7,0.7,0,11,193,1.0,15528,193,0.576,0.536,False,28947562.0,0.7,0.0,0.0
9600,14,mid,50,7,0.7,1,11,194,0.3,14389,194,0.623,0.57,False,26763106.0,0.7,0.0,0.0
9600,14,mid,50,7,0.7,2,11,188,0.0,15422,188,0.616,0.526,False,29319347.0,0.7,0.0,0.0
9600,14,mid,50,14,0.3,0,18,193,7.7,28478,193,0.563,0.788,False,41537327.0,0.3,0.0,0.0
9600,14,mid,50,14,0.3,1,18,194,6.3,26397,194,0.613,0.835,False,38353271.0,0.3,0.0,0.0
9600,14,mid,50,14,0.3,2,18,188,5.0,28190,188,0.606,0.783,False,42586676.0,0.3,0.0,0.0
9600,14,mid,50,14,0.5,0,15,193,1.7,15967,193,0.575,0.667,False,32690427.0,0.5,0.0,0.0
9600,14,mid,50,14,0.5,1,14,194,2.7,14758,194,0.624,0.705,False,30138411.0,0.5,0.0,0.0
9600,14,mid,50,14,0.5,2,15,188,3.0,15883,188,0.618,0.654,False,33258046.0,0.5,0.0,0.0
9600,14,mid,50,14,0.7,0,11,193,1.0,15476,193,0.587,0.593,False,27686785.0,0.7,0.0,0.0
9600,14,mid,50,14,0.7,1,10,194,1.3,14297,194,0.632,0.642,False,25317876.0,0.7,0.0,0.0
9600,14,mid,50,14,0.7,2,11,188,1.7,15378,188,0.633,0.581,False,28054250.0,0.7,0.0,0.0
9600,14,jackpot,20,7,0.3,0,12,200,1.0,2400,200,0.569,0.291,False,56458496.0,0.3,0.0,0.0
9600,14,jackpot,20,7,0.3,1,12,199,1.0,2158,199,0.603,0.312,False,56766876.0,0.3,0.0,0.0
9600,14,jackpot,20,7,0.3,2,13,200,2.0,2680,200,0.615,0.297,False,55011057.0,0.3,0.0,0.0
9600,14,jackpot,20,7,0.5,0,9,200,1.0,1737,200,0.586,0.237,False,43381064.0,0.5,0.0,0.0
9600,14,jackpot,20,7,0.5,1,9,199,0.0,1323,199,0.652,0.255,False,35931576.0,0.5,0.0,0.0
9600,14,jackpot,20,7,0.5,2,10,200,0.0,1795,200,0.636,0.226,False,44101766.0,0.5,0.0,0.0
9600,14,jackpot,20,7,0.7,0,8,200,0.0,1364,200,0.615,0.204,False,36823546.0,0.7,0.0,0.0
9600,14,jackpot,20,7,0.7,1,1,199,0.0,238,199,0.574,0.029,False,8848856.0,0.7,0.0,0.0
9600,14,jackpot,20,7,0.7,2,8,200,0.0,1379,200,0.665,0.208,False,31711463.0,0.7,0.0,0.0
9600,14,jackpot,20,14,0.3,0,17,200,5.7,2690,200,0.579,0.381,False,60413456.0,0.3,0.0,0.0
9600,14,jackpot,20,14,0.3,1,12,199,2.0,2038,199,0.615,0.337,False,53789238.0,0.3,0.0,0.0
9600,14,jackpot,20,14,0.3,2,15,200,2.7,2667,200,0.627,0.313,False,56083263.0,0.3,0.0,0.0
9600,14,jackpot,20,14,0.5,0,9,200,1.0,1820,200,0.598,0.306,False,41572713.0,0.5,0.0,0.0
9600,14,jackpot,20,14,0.5,1,12,199,4.7,1439,199,0.664,0.399,False,35630989.0,0.5,0.0,0.0
9600,14,jackpot,20,14,0.5,2,10,200,0.0,1846,200,0.647,0.254,False,41527323.0,0.5,0.0,0.0
9600,14,jackpot,20,14,0.7,0,6,200,1.0,1281,200,0.632,0.239,False,34933907.0,0.7,0.0,0.0
9600,14,jackpot,20,14,0.7,1,1,199,0.0,238,199,0.574,0.03,False,8848856.0,0.7,0.0,0.0
9600,14,jackpot,20,14,0.7,2,5,200,0.0,1203,200,0.692,0.223,False,30620394.0,0.7,0.0,0.0
9600,14,jackpot,50,7,0.3,0,20,200,17.3,3789,200,0.556,0.446,False,79779278.0,0.3,0.0,0.0
9600,14,jackpot,50,7,0.3,1,20,199,13.3,3532,199,0.584,0.469,False,77556918.0,0.3,0.0,0.0
9600,14,jackpot,50,7,0.3,2,21,200,17.0,4066,200,0.599,0.457,False,76774986.0,0.3,0.0,0.0
9600,14,jackpot,50,7,0.5,0,15,200,2.3,2930,200,0.562,0.343,False,67625879.0,0.5,0.0,0.0
9600,14,jackpot,50,7,0.5,1,15,199,2.7,2625,199,0.594,0.358,False,65515104.0,0.5,0.0,0.0
9600,14,jackpot,50,7,0.5,2,17,200,3.7,3252,200,0.609,0.355,False,64732688.0,0.5,0.0,0.0
9600,14,jackpot,50,7,0.7,0,13,200,1.0,2470,200,0.568,0.301,False,56914266.0,0.7,0.0,0.0
9600,14,jackpot,50,7,0.7,1,12,199,1.0,2124,199,0.603,0.311,False,54962251.0,0.7,0.0,0.0
9600,14,jackpot,50,7,0.7,2,14,200,2.7,2742,200,0.617,0.304,False,55903788.0,0.7,0.0,0.0
9600,14,jackpot,50,14,0.3,0,21,200,19.3,3871,200,0.563,0.463,False,83699524.0,0.3,0.0,0.0
9600,14,jackpot,50,14,0.3,1,20,199,15.3,3560,199,0.59,0.478,False,78169741.0,0.3,0.0,0.0
9600,14,jackpot,50,14,0.3,2,23,200,23.0,4282,200,0.602,0.482,False,76228213.0,0.3,0.0,0.0
9600,14,jackpot,50,14,0.5,0,17,200,4.0,3000,200,0.57,0.366,False,69791834.0,0.5,0.0,0.0
9600,14,jackpot,50,14,0.5,1,15,199,3.0,2616,199,0.607,0.368,False,66175964.0,0.5,0.0,0.0
9600,14,jackpot,50,14,0.5,2,18,200,4.0,3297,200,0.614,0.368,False,65890141.0,0.5,0.0,0.0
9600,14,jackpot,50,14,0.7,0,14,200,1.3,2478,200,0.575,0.325,False,57745218.0,0.7,0.0,0.0
9600,14,jackpot,50,14,0.7,1,12,199,1.3,2027,199,0.615,0.326,False,54276754.0,0.7,0.0,0.0
9600,14,jackpot,50,14,0.7,2,15,200,2.7,2688,200,0.631,0.308,False,58755096.0,0.7,0.0,0.0
9600,30,diffuse,20,7,0.3,0,14,158,16.0,2589,158,0.544,0.619,False,24319459.0,0.3,0.0,0.0
9600,30,diffuse,20,7,0.3,1,9,200,0.0,67639,200,0.581,0.02,False,27745986.0,0.3,0.0,0.0
9600,30,diffuse,20,7,0.3,2,16,163,15.0,2902,163,0.591,0.636,False,26848351.0,0.3,0.0,0.0
9600,30,diffuse,20,7,0.5,0,10,158,4.3,1703,158,0.579,0.523,False,16638660.0,0.5,0.0,0.0
9600,30,diffuse,20,7,0.5,1,9,150,5.3,1460,150,0.62,0.575,False,14572397.0,0.5,0.0,0.0
9600,30,diffuse,20,7,0.5,2,10,162,4.0,1725,162,0.644,0.512,False,16856999.0,0.5,0.0,0.0
9600,30,diffuse,20,7,0.7,0,8,158,1.3,1347,158,0.599,0.482,False,13403894.0,0.7,0.0,0.0
9600,30,diffuse,20,7,0.7,1,8,150,3.0,1197,150,0.629,0.538,False,12093213.0,0.7,0.0,0.0
9600,30,diffuse,20,7,0.7,2,8,162,3.0,1373,162,0.662,0.471,False,13663264.0,0.7,0.0,0.0
9600,30,diffuse,20,14,0.3,0,16,158,17.7,2384,158,0.569,0.636,False,22136572.0,0.3,0.0,0.0
9600,30,diffuse,20,14,0.3,1,16,150,19.0,2182,150,0.623,0.713,False,20588349.0,0.3,0.0,0.0
9600,30,diffuse,20,14,0.3,2,16,162,11.7,2471,162,0.633,0.623,False,22859406.0,0.3,0.0,0.0
9600,30,diffuse,20,14,0.5,0,9,158,6.0,1715,158,0.605,0.556,False,16398671.0,0.5,0.0,0.0
9600,30,diffuse,20,14,0.5,1,7,150,13.7,1541,150,0.631,0.674,False,14798200.0,0.5,0.0,0.0
9600,30,diffuse,20,14,0.5,2,9,162,4.3,1793,162,0.663,0.559,False,17004527.0,0.5,0.0,0.0
9600,30,diffuse,20,14,0.7,0,5,158,4.7,1412,158,0.64,0.534,False,13587999.0,0.7,0.0,0.0
9600,30,diffuse,20,14,0.7,1,5,150,9.3,1215,150,0.633,0.638,False,11819431.0,0.7,0.0,0.0
9600,30,diffuse,20,14,0.7,2,6,162,4.0,1411,162,0.681,0.527,False,13568307.0,0.7,0.0,0.0
9600,30,diffuse,50,7,0.3,0,24,174,42.7,25668,174,0.549,0.858,False,38775129.0,0.3,0.0,0.0
9600,30,diffuse,50,7,0.3,1,24,184,45.0,43830,184,0.613,0.914,False,38889079.0,0.3,0.0,0.0
9600,30,diffuse,50,7,0.3,2,25,176,46.0,26971,176,0.589,0.851,True,39395446.0,0.3,0.0,0.0
9600,30,diffuse,50,7,0.5,0,16,158,20.3,2860,158,0.541,0.679,False,26436756.0,0.5,0.0,0.0
9600,30,diffuse,50,7,0.5,1,17,150,21.0,2594,150,0.603,0.745,False,24109295.0,0.5,0.0,0.0
9600,30,diffuse,50,7,0.5,2,17,162,19.0,2941,162,0.594,0.667,False,27021326.0,0.5,0.0,0.0
9600,30,diffuse,50,7,0.7,0,13,158,14.0,2372,158,0.553,0.606,False,22419438.0,0.7,0.0,0.0
9600,30,diffuse,50,7,0.7,1,13,150,12.0,2048,150,0.608,0.66,False,19707061.0,0.7,0.0,0.0
9600,30,diffuse,50,7,0.7,2,14,162,7.3,2412,162,0.613,0.598,False,22662023.0,0.7,0.0,0.0
9600,30,diffuse,50,14,0.3,0,23,158,41.0,3680,158,0.535,0.838,True,32532309.0,0.3,0.0,0.0
9600,30,diffuse,50,14,0.3,1,23,150,41.7,3346,150,0.609,0.894,True,29547055.0,0.3,0.0,0.0
9600,30,diffuse,50,14,0.3,2,24,162,42.0,3729,162,0.593,0.833,True,32865802.0,0.3,0.0,0.0
9600,30,diffuse,50,14,0.5,0,19,158,23.3,2853,158,0.558,0.713,False,25951654.0,0.5,0.0,0.0
9600,30,diffuse,50,14,0.5,1,17,150,22.0,2519,150,0.626,0.757,False,23329325.0,0.5,0.0,0.0
9600,30,diffuse,50,14,0.5,2,18,162,24.0,2908,162,0.627,0.698,False,26360809.0,0.5,0.0,0.0
9600,30,diffuse,50,14,0.7,0,16,158,18.3,2382,158,0.576,0.642,False,22017213.0,0.7,0.0,0.0
9600,30,diffuse,50,14,0.7,1,15,150,17.7,2080,150,0.631,0.7,False,19697005.0,0.7,0.0,0.0
9600,30,diffuse,50,14,0.7,2,16,162,12.7,2438,162,0.646,0.628,False,22498037.0,0.7,0.0,0.0
9600,30,mid,20,7,0.3,0,13,193,12.3,27705,193,0.587,0.4,False,40860842.0,0.3,0.0,0.0
9600,30,mid,20,7,0.3,1,12,194,11.0,25483,194,0.625,0.436,False,36766775.0,0.3,0.0,0.0
9600,30,mid,20,7,0.3,2,14,188,8.7,16078,188,0.622,0.401,False,40896225.0,0.3,0.0,0.0
9600,30,mid,20,7,0.5,0,10,193,4.3,15290,193,0.618,0.349,False,28545184.0,0.5,0.0,0.0
9600,30,mid,20,7,0.5,1,9,194,5.3,14130,194,0.654,0.383,False,25804962.0,0.5,0.0,0.0
9600,30,mid,20,7,0.5,2,9,188,4.0,15122,188,0.667,0.343,False,28132923.0,0.5,0.0,0.0
9600,30,mid,20,7,0.7,0,10,193,7.0,15301,193,0.645,0.377,False,27143901.0,0.7,0.0,0.0
9600,30,mid,20,7,0.7,1,9,194,7.3,14034,194,0.666,0.406,False,23328489.0,0.7,0.0,0.0
9600,30,mid,20,7,0.7,2,8,188,4.0,14748,188,0.693,0.362,False,21376849.0,0.7,0.0,0.0
9600,30,mid,20,14,0.3,0,16,193,18.7,16184,193,0.595,0.429,False,39932525.0,0.3,0.0,0.0
9600,30,mid,20,14,0.3,1,15,194,17.7,25247,194,0.645,0.468,False,37073189.0,0.3,0.0,0.0
9600,30,mid,20,14,0.3,2,16,188,13.7,16117,188,0.64,0.419,False,40821473.0,0.3,0.0,0.0
9600,30,mid,20,14,0.5,0,8,193,5.7,15255,193,0.638,0.37,False,27585879.0,0.5,0.0,0.0
9600,30,mid,20,14,0.5,1,7,194,15.3,14186,194,0.658,0.457,False,25722437.0,0.5,0.0,0.0
9600,30,mid,20,14,0.5,2,8,188,4.7,15189,188,0.688,0.378,False,28199063.0,0.5,0.0,0.0
9600,30,mid,20,14,0.7,0,1,193,9.3,14684,193,0.716,0.388,False,18476026.0,0.7,0.0,0.0
9600,30,mid,20,14,0.7,1,6,194,16.3,13622,194,0.683,0.46,False,16894154.0,0.7,0.0,0.0
9600,30,mid,20,14,0.7,2,1,188,3.0,13796,188,0.617,0.316,False,9032743.0,0.7,0.0,0.0
9600,30,mid,50,7,0.3,0,23,193,41.3,41188,193,0.559,0.561,False,63792977.0,0.3,0.0,0.0
9600,30,mid,50,7,0.3,1,23,194,42.0,38202,194,0.603,0.598,False,58993071.0,0.3,0.0,0.0
9600,30,mid,50,7,0.3,2,23,188,41.3,41007,188,0.597,0.549,False,64129543.0,0.3,0.0,0.0
9600,30,mid,50,7,0.5,0,17,193,20.7,28339,193,0.578,0.456,False,48785339.0,0.5,0.0,0.0
9600,30,mid,50,7,0.5,1,17,194,21.0,26084,194,0.616,0.496,False,44117576.0,0.5,0.0,0.0
9600,30,mid,50,7,0.5,2,17,188,19.3,28086,188,0.614,0.449,False,49648990.0,0.5,0.0,0.0
9600,30,mid,50,7,0.7,0,14,193,15.3,16165,193,0.589,0.411,False,40103929.0,0.7,0.0,0.0
9600,30,mid,50,7,0.7,1,13,194,13.0,14895,194,0.63,0.447,False,35973032.0,0.7,0.0,0.0
9600,30,mid,50,7,0.7,2,14,188,9.0,16062,188,0.628,0.404,False,40580345.0,0.7,0.0,0.0
9600,30,mid,50,14,0.3,0,24,193,44.3,29609,193,0.566,0.578,False,60688619.0,0.3,0.0,0.0
9600,30,mid,50,14,0.3,1,24,194,45.3,27399,194,0.617,0.613,False,55850872.0,0.3,0.0,0.0
9600,30,mid,50,14,0.3,2,25,188,46.0,29480,188,0.604,0.571,False,61639229.0,0.3,0.0,0.0
9600,30,mid,50,14,0.5,0,19,193,25.3,16779,193,0.585,0.486,False,47348281.0,0.5,0.0,0.0
9600,30,mid,50,14,0.5,1,18,194,22.7,25938,194,0.641,0.509,False,44414411.0,0.5,0.0,0.0
9600,30,mid,50,14,0.5,2,19,188,27.3,16696,188,0.625,0.478,False,47948984.0,0.5,0.0,0.0
9600,30,mid,50,14,0.7,0,16,193,19.0,16150,193,0.603,0.433,False,39334344.0,0.7,0.0,0.0
9600,30,mid,50,14,0.7,1,15,194,17.7,14935,194,0.653,0.467,False,36129524.0,0.7,0.0,0.0
9600,30,mid,50,14,0.7,2,16,188,15.0,16056,188,0.648,0.424,False,39926799.0,0.7,0.0,0.0
9600,30,jackpot,20,7,0.3,0,15,200,18.7,2885,200,0.578,0.216,False,78425885.0,0.3,0.0,0.0
9600,30,jackpot,20,7,0.3,1,14,199,16.0,2575,199,0.613,0.232,False,75111351.0,0.3,0.0,0.0
9600,30,jackpot,20,7,0.3,2,17,200,17.3,3345,200,0.625,0.219,False,78318391.0,0.3,0.0,0.0
9600,30,jackpot,20,7,0.5,0,11,200,6.0,2122,200,0.597,0.186,False,55896204.0,0.5,0.0,0.0
9600,30,jackpot,20,7,0.5,1,10,199,6.3,1698,199,0.665,0.199,False,46057393.0,0.5,0.0,0.0
9600,30,jackpot,20,7,0.5,2,11,200,4.0,2218,200,0.649,0.178,False,57728967.0,0.5,0.0,0.0
9600,30,jackpot,20,7,0.7,0,9,200,3.3,1657,200,0.622,0.168,False,45284406.0,0.7,0.0,0.0
9600,30,jackpot,20,7,0.7,1,1,199,0.0,238,199,0.574,0.029,False,8848856.0,0.7,0.0,0.0
9600,30,jackpot,20,7,0.7,2,9,200,3.0,1617,200,0.691,0.159,False,43448818.0,0.7,0.0,0.0
9600,30,jackpot,20,14,0.3,0,18,200,21.0,3103,200,0.589,0.23,False,80924819.0,0.3,0.0,0.0
9600,30,jackpot,20,14,0.3,1,17,199,20.0,2692,199,0.627,0.243,False,74019397.0,0.3,0.0,0.0
9600,30,jackpot,20,14,0.3,2,18,200,18.3,3311,200,0.638,0.221,False,81872240.0,0.3,0.0,0.0
9600,30,jackpot,20,14,0.5,0,10,200,13.7,2181,200,0.617,0.201,False,57181027.0,0.5,0.0,0.0
9600,30,jackpot,20,14,0.5,1,15,199,20.3,1760,199,0.684,0.243,False,52011514.0,0.5,0.0,0.0
9600,30,jackpot,20,14,0.5,2,11,200,4.7,2216,200,0.667,0.191,False,58803818.0,0.5,0.0,0.0
9600,30,jackpot,20,14,0.7,0,6,200,8.7,1692,200,0.653,0.189,False,44738949.0,0.7,0.0,0.0
9600,30,jackpot,20,14,0.7,1,1,199,0.0,238,199,0.574,0.03,False,8848856.0,0.7,0.0,0.0
9600,30,jackpot,20,14,0.7,2,7,200,3.7,1519,200,0.71,0.168,False,41926371.0,0.7,0.0,0.0
9600,30,jackpot,50,7,0.3,0,28,200,69.0,4800,200,0.558,0.325,True,118242574.0,0.3,0.0,0.0
9600,30,jackpot,50,7,0.3,1,28,199,65.3,4532,199,0.593,0.339,True,114865637.0,0.3,0.0,0.0
9600,30,jackpot,50,7,0.3,2,29,200,69.3,5055,200,0.606,0.319,True,120130705.0,0.3,0.0,0.0
9600,30,jackpot,50,7,0.5,0,21,200,27.0,3631,200,0.574,0.245,False,99906296.0,0.5,0.0,0.0
9600,30,jackpot,50,7,0.5,1,18,199,25.0,3345,199,0.602,0.264,False,92374649.0,0.5,0.0,0.0
9600,30,jackpot,50,7,0.5,2,22,200,35.7,4125,200,0.614,0.258,False,94140633.0,0.5,0.0,0.0
9600,30,jackpot,50,7,0.7,0,16,200,19.0,2979,200,0.579,0.22,False,80749892.0,0.7,0.0,0.0
9600,30,jackpot,50,7,0.7,1,14,199,17.7,2592,199,0.612,0.234,False,75306860.0,0.7,0.0,0.0
9600,30,jackpot,50,7,0.7,2,17,200,17.3,3378,200,0.626,0.22,False,81459000.0,0.7,0.0,0.0
9600,30,jackpot,50,14,0.3,0,29,200,73.7,4906,200,0.562,0.327,True,124803305.0,0.3,0.0,0.0
9600,30,jackpot,50,14,0.3,1,28,199,72.0,4610,199,0.596,0.347,True,115285120.0,0.3,0.0,0.0
9600,30,jackpot,50,14,0.3,2,30,200,76.0,5163,200,0.607,0.328,True,122209731.0,0.3,0.0,0.0
9600,30,jackpot,50,14,0.5,0,23,200,35.0,3859,200,0.578,0.261,False,100655343.0,0.5,0.0,0.0
9600,30,jackpot,50,14,0.5,1,20,199,27.3,3380,199,0.611,0.271,False,94049688.0,0.5,0.0,0.0
9600,30,jackpot,50,14,0.5,2,23,200,38.3,4231,200,0.616,0.265,False,96609428.0,0.5,0.0,0.0
9600,30,jackpot,50,14,0.7,0,18,200,21.3,3181,200,0.588,0.233,False,81971778.0,0.7,0.0,0.0
9600,30,jackpot,50,14,0.7,1,16,199,19.0,2652,199,0.631,0.238,False,77299242.0,0.7,0.0,0.0
9600,30,jackpot,50,14,0.7,2,18,200,23.7,3465,200,0.631,0.232,False,80984503.0,0.7,0.0,0.0
38400,7,diffuse,20,7,0.3,0,14,200,0.0,76414,200,0.555,0.02,False,74793798.0,0.3,0.0,0.0
38400,7,diffuse,20,7,0.3,1,30,200,146.0,141578,200,0.61,3.346,True,83986267.0,0.3,0.0,0.0
38400,7,diffuse,20,7,0.3,2,1,200,0.0,14119,200,0.578,0.084,False,21793817.0,0.3,0.0,0.0
38400,7,diffuse,20,7,0.5,0,1,200,0.0,14012,200,0.545,0.028,False,20477553.0,0.5,0.0,0.0
38400,7,diffuse,20,7,0.5,1,1,200,0.0,13285,200,0.574,0.028,False,19867676.0,0.5,0.0,0.0
38400,7,diffuse,20,7,0.5,2,1,200,0.0,14117,200,0.577,0.028,False,21712087.0,0.5,0.0,0.0
38400,7,diffuse,20,7,0.7,0,1,200,0.0,14012,200,0.545,0.028,False,20477553.0,0.7,0.0,0.0
38400,7,diffuse,20,7,0.7,1,1,200,0.0,13285,200,0.574,0.028,False,19867676.0,0.7,0.0,0.0
38400,7,diffuse,20,7,0.7,2,1,200,0.0,14117,200,0.577,0.027,False,21712087.0,0.7,0.0,0.0
38400,7,diffuse,20,14,0.3,0,1,200,0.0,14242,200,0.59,0.231,False,27371445.0,0.3,0.0,0.0
38400,7,diffuse,20,14,0.3,1,3,200,0.0,13627,200,0.601,0.289,False,31308534.0,0.3,0.0,0.0
38400,7,diffuse,20,14,0.3,2,1,200,0.0,14117,200,0.577,0.034,False,21712087.0,0.3,0.0,0.0
38400,7,diffuse,20,14,0.5,0,1,200,0.0,14012,200,0.545,0.029,False,20477553.0,0.5,0.0,0.0
38400,7,diffuse,20,14,0.5,1,1,200,0.0,13285,200,0.574,0.029,False,19867676.0,0.5,0.0,0.0
38400,7,diffuse,20,14,0.5,2,1,200,0.0,14117,200,0.577,0.029,False,21712087.0,0.5,0.0,0.0
38400,7,diffuse,20,14,0.7,0,1,200,0.0,14012,200,0.545,0.028,False,20477553.0,0.7,0.0,0.0
38400,7,diffuse,20,14,0.7,1,1,200,0.0,13285,200,0.574,0.029,False,19867676.0,0.7,0.0,0.0
38400,7,diffuse,20,14,0.7,2,1,200,0.0,14117,200,0.577,0.028,False,21712087.0,0.7,0.0,0.0
38400,7,diffuse,50,7,0.3,0,12,200,0.0,52246,200,0.552,0.414,False,97665518.0,0.3,0.0,0.0
38400,7,diffuse,50,7,0.3,1,12,200,0.0,59655,200,0.581,0.419,False,96185991.0,0.3,0.0,0.0
38400,7,diffuse,50,7,0.3,2,12,200,0.0,52959,200,0.591,0.401,False,99112118.0,0.3,0.0,0.0
38400,7,diffuse,50,7,0.5,0,10,200,0.0,27470,200,0.56,0.313,False,70588998.0,0.5,0.0,0.0
38400,7,diffuse,50,7,0.5,1,10,200,0.0,26070,200,0.591,0.336,False,67650714.0,0.5,0.0,0.0
38400,7,diffuse,50,7,0.5,2,10,200,0.0,27055,200,0.609,0.301,False,69044883.0,0.5,0.0,0.0
38400,7,diffuse,50,7,0.7,0,1,200,0.0,14220,200,0.589,0.18,False,26811202.0,0.7,0.0,0.0
38400,7,diffuse,50,7,0.7,1,2,200,0.0,13641,200,0.59,0.243,False,30897516.0,0.7,0.0,0.0
38400,7,diffuse,50,7,0.7,2,1,200,0.0,14117,200,0.577,0.029,False,21712087.0,0.7,0.0,0.0
38400,7,diffuse,50,14,0.3,0,12,200,0.0,51774,200,0.555,0.455,False,94415103.0,0.3,0.0,0.0
38400,7,diffuse,50,14,0.3,1,12,200,0.0,48788,200,0.582,0.48,False,89312199.0,0.3,0.0,0.0
38400,7,diffuse,50,14,0.3,2,12,200,0.0,52427,200,0.593,0.449,False,95995702.0,0.3,0.0,0.0
38400,7,diffuse,50,14,0.5,0,8,200,0.0,27195,200,0.564,0.345,False,65339455.0,0.5,0.0,0.0
38400,7,diffuse,50,14,0.5,1,8,200,0.0,25685,200,0.595,0.358,False,62549601.0,0.5,0.0,0.0
38400,7,diffuse,50,14,0.5,2,8,200,0.0,15353,200,0.611,0.339,False,57102717.0,0.5,0.0,0.0
38400,7,diffuse,50,14,0.7,0,1,200,0.0,14026,200,0.549,0.121,False,20942308.0,0.7,0.0,0.0
38400,7,diffuse,50,14,0.7,1,1,200,0.0,13361,200,0.569,0.186,False,22491937.0,0.7,0.0,0.0
38400,7,diffuse,50,14,0.7,2,1,200,0.0,14117,200,0.577,0.03,False,21712087.0,0.7,0.0,0.0
38400,7,mid,20,7,0.3,0,1,200,0.0,14012,200,0.545,0.028,False,30716330.0,0.3,0.0,0.0
38400,7,mid,20,7,0.3,1,1,200,0.0,13285,200,0.574,0.028,False,29801514.0,0.3,0.0,0.0
38400,7,mid,20,7,0.3,2,1,200,0.0,14117,200,0.577,0.028,False,32568131.0,0.3,0.0,0.0
38400,7,mid,20,7,0.5,0,1,200,0.0,14012,200,0.545,0.027,False,30716330.0,0.5,0.0,0.0
38400,7,mid,20,7,0.5,1,1,200,0.0,13285,200,0.574,0.027,False,29801514.0,0.5,0.0,0.0
38400,7,mid,20,7,0.5,2,1,200,0.0,14117,200,0.577,0.027,False,32568131.0,0.5,0.0,0.0
38400,7,mid,20,7,0.7,0,1,200,0.0,14012,200,0.545,0.027,False,30716330.0,0.7,0.0,0.0
38400,7,mid,20,7,0.7,1,1,200,0.0,13285,200,0.574,0.027,False,29801514.0,0.7,0.0,0.0
38400,7,mid,20,7,0.7,2,1,200,0.0,14117,200,0.577,0.027,False,32568131.0,0.7,0.0,0.0
38400,7,mid,20,14,0.3,0,1,200,0.0,14012,200,0.545,0.029,False,30716330.0,0.3,0.0,0.0
38400,7,mid,20,14,0.3,1,1,200,0.0,13285,200,0.574,0.029,False,29801514.0,0.3,0.0,0.0
38400,7,mid,20,14,0.3,2,1,200,0.0,14117,200,0.577,0.029,False,32568131.0,0.3,0.0,0.0
38400,7,mid,20,14,0.5,0,1,200,0.0,14012,200,0.545,0.028,False,30716330.0,0.5,0.0,0.0
38400,7,mid,20,14,0.5,1,1,200,0.0,13285,200,0.574,0.028,False,29801514.0,0.5,0.0,0.0
38400,7,mid,20,14,0.5,2,1,200,0.0,14117,200,0.577,0.028,False,32568131.0,0.5,0.0,0.0
38400,7,mid,20,14,0.7,0,1,200,0.0,14012,200,0.545,0.028,False,30716330.0,0.7,0.0,0.0
38400,7,mid,20,14,0.7,1,1,200,0.0,13285,200,0.574,0.028,False,29801514.0,0.7,0.0,0.0
38400,7,mid,20,14,0.7,2,1,200,0.0,14117,200,0.577,0.027,False,32568131.0,0.7,0.0,0.0
38400,7,mid,50,7,0.3,0,13,200,0.0,52284,200,0.551,0.278,False,146992728.0,0.3,0.0,0.0
38400,7,mid,50,7,0.3,1,12,200,0.0,59900,200,0.579,0.284,False,145194733.0,0.3,0.0,0.0
38400,7,mid,50,7,0.3,2,12,200,0.0,52924,200,0.591,0.266,False,148034101.0,0.3,0.0,0.0
38400,7,mid,50,7,0.5,0,1,200,0.0,14023,200,0.552,0.061,False,31276703.0,0.5,0.0,0.0
38400,7,mid,50,7,0.5,1,1,200,0.0,13450,200,0.583,0.138,False,37604323.0,0.5,0.0,0.0
38400,7,mid,50,7,0.5,2,1,200,0.0,14117,200,0.577,0.029,False,32568131.0,0.5,0.0,0.0
38400,7,mid,50,7,0.7,0,1,200,0.0,14012,200,0.545,0.028,False,30716330.0,0.7,0.0,0.0
38400,7,mid,50,7,0.7,1,1,200,0.0,13285,200,0.574,0.028,False,29801514.0,0.7,0.0,0.0
38400,7,mid,50,7,0.7,2,1,200,0.0,14117,200,0.577,0.028,False,32568131.0,0.7,0.0,0.0
38400,7,mid,50,14,0.3,0,12,200,0.0,51787,200,0.554,0.304,False,141776065.0,0.3,0.0,0.0
38400,7,mid,50,14,0.3,1,12,200,0.0,48855,200,0.583,0.321,False,135226241.0,0.3,0.0,0.0
38400,7,mid,50,14,0.3,2,13,200,0.0,40565,200,0.594,0.303,False,135534827.0,0.3,0.0,0.0
38400,7,mid,50,14,0.5,0,1,200,0.0,14012,200,0.545,0.03,False,30716330.0,0.5,0.0,0.0
38400,7,mid,50,14,0.5,1,1,200,0.0,13292,200,0.571,0.077,False,30207480.0,0.5,0.0,0.0
38400,7,mid,50,14,0.5,2,1,200,0.0,14117,200,0.577,0.03,False,32568131.0,0.5,0.0,0.0
38400,7,mid,50,14,0.7,0,1,200,0.0,14012,200,0.545,0.029,False,30716330.0,0.7,0.0,0.0
38400,7,mid,50,14,0.7,1,1,200,0.0,13285,200,0.574,0.029,False,29801514.0,0.7,0.0,0.0
38400,7,mid,50,14,0.7,2,1,200,0.0,14117,200,0.577,0.029,False,32568131.0,0.7,0.0,0.0
38400,7,jackpot,20,7,0.3,0,1,200,0.0,436,200,0.678,0.066,False,37075253.0,0.3,0.0,0.0
38400,7,jackpot,20,7,0.3,1,1,200,0.0,238,200,0.574,0.028,False,35395424.0,0.3,0.0,0.0
38400,7,jackpot,20,7,0.3,2,1,200,0.0,251,200,0.579,0.028,False,24683210.0,0.3,0.0,0.0
38400,7,jackpot,20,7,0.5,0,1,200,0.0,255,200,0.607,0.028,False,27464477.0,0.5,0.0,0.0
38400,7,jackpot,20,7,0.5,1,1,200,0.0,238,200,0.574,0.027,False,35395424.0,0.5,0.0,0.0
38400,7,jackpot,20,7,0.5,2,1,200,0.0,251,200,0.579,0.028,False,24683210.0,0.5,0.0,0.0
38400,7,jackpot,20,7,0.7,0,1,200,0.0,255,200,0.607,0.027,False,27464477.0,0.7,0.0,0.0
38400,7,jackpot,20,7,0.7,1,1,200,0.0,238,200,0.574,0.026,False,35395424.0,0.7,0.0,0.0
38400,7,jackpot,20,7,0.7,2,1,200,0.0,251,200,0.579,0.027,False,24683210.0,0.7,0.0,0.0
38400,7,jackpot,20,14,0.3,0,1,200,0.0,255,200,0.607,0.03,False,27464477.0,0.3,0.0,0.0
38400,7,jackpot,20,14,0.3,1,1,200,0.0,238,200,0.574,0.029,False,35395424.0,0.3,0.0,0.0
38400,7,jackpot,20,14,0.3,2,1,200,0.0,251,200,0.579,0.029,False,24683210.0,0.3,0.0,0.0
38400,7,jackpot,20,14,0.5,0,1,200,0.0,255,200,0.607,0.029,False,27464477.0,0.5,0.0,0.0
38400,7,jackpot,20,14,0.5,1,1,200,0.0,238,200,0.574,0.028,False,35395424.0,0.5,0.0,0.0
38400,7,jackpot,20,14,0.5,2,1,200,0.0,251,200,0.579,0.029,False,24683210.0,0.5,0.0,0.0
38400,7,jackpot,20,14,0.7,0,1,200,0.0,255,200,0.607,0.028,False,27464477.0,0.7,0.0,0.0
38400,7,jackpot,20,14,0.7,1,1,200,0.0,238,200,0.574,0.027,False,35395424.0,0.7,0.0,0.0
38400,7,jackpot,20,14,0.7,2,1,200,0.0,251,200,0.579,0.028,False,24683210.0,0.7,0.0,0.0
38400,7,jackpot,50,7,0.3,0,16,200,0.0,3094,200,0.55,0.195,False,217421504.0,0.3,0.0,0.0
38400,7,jackpot,50,7,0.3,1,15,200,0.0,2710,200,0.579,0.187,False,196895328.0,0.3,0.0,0.0
38400,7,jackpot,50,7,0.3,2,17,200,0.0,3345,200,0.587,0.203,False,204066710.0,0.3,0.0,0.0
38400,7,jackpot,50,7,0.5,0,12,200,0.0,2336,200,0.553,0.13,False,190992649.0,0.5,0.0,0.0
38400,7,jackpot,50,7,0.5,1,1,200,0.0,238,200,0.574,0.029,False,35395424.0,0.5,0.0,0.0
38400,7,jackpot,50,7,0.5,2,11,200,0.0,2097,200,0.61,0.116,False,158216814.0,0.5,0.0,0.0
38400,7,jackpot,50,7,0.7,0,1,200,0.0,493,200,0.694,0.062,False,46299544.0,0.7,0.0,0.0
38400,7,jackpot,50,7,0.7,1,1,200,0.0,238,200,0.574,0.028,False,35395424.0,0.7,0.0,0.0
38400,7,jackpot,50,7,0.7,2,1,200,0.0,251,200,0.579,0.029,False,24683210.0,0.7,0.0,0.0
38400,7,jackpot,50,14,0.3,0,17,200,0.3,3150,200,0.551,0.21,False,220714643.0,0.3,0.0,0.0
38400,7,jackpot,50,14,0.3,1,14,200,0.0,2531,200,0.588,0.182,False,200815581.0,0.3,0.0,0.0
38400,7,jackpot,50,14,0.3,2,17,200,0.0,3430,200,0.589,0.214,False,202217522.0,0.3,0.0,0.0
38400,7,jackpot,50,14,0.5,0,12,200,0.0,2343,200,0.556,0.149,False,179504981.0,0.5,0.0,0.0
38400,7,jackpot,50,14,0.5,1,1,200,0.0,238,200,0.574,0.03,False,35395424.0,0.5,0.0,0.0
38400,7,jackpot,50,14,0.5,2,9,200,0.0,1737,200,0.627,0.116,False,141034043.0,0.5,0.0,0.0
38400,7,jackpot,50,14,0.7,0,1,200,0.0,255,200,0.607,0.03,False,27464477.0,0.7,0.0,0.0
38400,7,jackpot,50,14,0.7,1,1,200,0.0,238,200,0.574,0.029,False,35395424.0,0.7,0.0,0.0
38400,7,jackpot,50,14,0.7,2,1,200,0.0,251,200,0.579,0.03,False,24683210.0,0.7,0.0,0.0
38400,14,diffuse,20,7,0.3,0,13,200,0.0,76526,200,0.547,0.02,False,105193386.0,0.3,0.0,0.0
38400,14,diffuse,20,7,0.3,1,13,200,1.3,14880,200,0.678,0.242,False,71455847.0,0.3,0.0,0.0
38400,14,diffuse,20,7,0.3,2,1,200,0.0,14132,200,0.586,0.086,False,22267110.0,0.3,0.0,0.0
38400,14,diffuse,20,7,0.5,0,1,200,0.0,14012,200,0.545,0.028,False,20477553.0,0.5,0.0,0.0
38400,14,diffuse,20,7,0.5,1,1,200,0.0,13285,200,0.574,0.028,False,19867676.0,0.5,0.0,0.0
38400,14,diffuse,20,7,0.5,2,1,200,0.0,14117,200,0.577,0.028,False,21712087.0,0.5,0.0,0.0
38400,14,diffuse,20,7,0.7,0,1,200,0.0,14012,200,0.545,0.028,False,20477553.0,0.7,0.0,0.0
38400,14,diffuse,20,7,0.7,1,1,200,0.0,13285,200,0.574,0.028,False,19867676.0,0.7,0.0,0.0
38400,14,diffuse,20,7,0.7,2,1,200,0.0,14117,200,0.577,0.027,False,21712087.0,0.7,0.0,0.0
38400,14,diffuse,20,14,0.3,0,22,200,168.7,150346,200,0.56,0.959,True,131389308.0,0.3,0.0,0.0
38400,14,diffuse,20,14,0.3,1,24,200,188.0,139663,200,0.591,1.106,True,122629942.0,0.3,0.0,0.0
38400,14,diffuse,20,14,0.3,2,1,200,0.0,14117,200,0.577,0.034,False,21712087.0,0.3,0.0,0.0
38400,14,diffuse,20,14,0.5,0,1,200,0.0,14012,200,0.545,0.029,False,20477553.0,0.5,0.0,0.0
38400,14,diffuse,20,14,0.5,1,1,200,0.0,13285,200,0.574,0.029,False,19867676.0,0.5,0.0,0.0
38400,14,diffuse,20,14,0.5,2,1,200,0.0,14117,200,0.577,0.029,False,21712087.0,0.5,0.0,0.0
38400,14,diffuse,20,14,0.7,0,1,200,0.0,14012,200,0.545,0.028,False,20477553.0,0.7,0.0,0.0
38400,14,diffuse,20,14,0.7,1,1,200,0.0,13285,200,0.574,0.029,False,19867676.0,0.7,0.0,0.0
38400,14,diffuse,20,14,0.7,2,1,200,0.0,14117,200,0.577,0.028,False,21712087.0,0.7,0.0,0.0
38400,14,diffuse,50,7,0.3,0,17,200,6.0,64997,200,0.555,0.289,False,144425860.0,0.3,0.0,0.0
38400,14,diffuse,50,7,0.3,1,17,200,5.3,71627,200,0.583,0.302,False,138036476.0,0.3,0.0,0.0
38400,14,diffuse,50,7,0.3,2,18,200,4.3,66284,200,0.597,0.285,False,146750055.0,0.3,0.0,0.0
38400,14,diffuse,50,7,0.5,0,13,200,1.0,28236,200,0.569,0.232,False,100247505.0,0.5,0.0,0.0
38400,14,diffuse,50,7,0.5,1,13,200,1.3,37096,200,0.6,0.243,False,97514180.0,0.5,0.0,0.0
38400,14,diffuse,50,7,0.5,2,13,200,2.0,27874,200,0.618,0.223,False,99089598.0,0.5,0.0,0.0
38400,14,diffuse,50,7,0.7,0,1,200,0.7,14585,200,0.665,0.172,False,38519905.0,0.7,0.0,0.0
38400,14,diffuse,50,7,0.7,1,9,200,0.0,14272,200,0.679,0.198,False,53744599.0,0.7,0.0,0.0
38400,14,diffuse,50,7,0.7,2,1,200,0.0,14117,200,0.577,0.029,False,21712087.0,0.7,0.0,0.0
38400,14,diffuse,50,14,0.3,0,19,200,11.7,53354,200,0.558,0.311,False,138541902.0,0.3,0.0,0.0
38400,14,diffuse,50,14,0.3,1,18,200,8.0,60795,200,0.59,0.325,False,133164913.0,0.3,0.0,0.0
38400,14,diffuse,50,14,0.3,2,19,200,6.3,54059,200,0.6,0.306,False,140206738.0,0.3,0.0,0.0
38400,14,diffuse,50,14,0.5,0,15,200,1.7,28166,200,0.576,0.249,False,96670210.0,0.5,0.0,0.0
38400,14,diffuse,50,14,0.5,1,14,200,2.7,26604,200,0.612,0.265,False,91654318.0,0.5,0.0,0.0
38400,14,diffuse,50,14,0.5,2,15,200,3.0,16304,200,0.631,0.245,False,89652444.0,0.5,0.0,0.0
38400,14,diffuse,50,14,0.7,0,1,200,0.0,14067,200,0.563,0.122,False,22184817.0,0.7,0.0,0.0
38400,14,diffuse,50,14,0.7,1,1,200,0.0,13559,200,0.615,0.192,False,28771469.0,0.7,0.0,0.0
38400,14,diffuse,50,14,0.7,2,1,200,0.0,14117,200,0.577,0.03,False,21712087.0,0.7,0.0,0.0
38400,14,mid,20,7,0.3,0,1,200,0.0,14012,200,0.545,0.028,False,30716330.0,0.3,0.0,0.0
38400,14,mid,20,7,0.3,1,1,200,0.0,13285,200,0.574,0.028,False,29801514.0,0.3,0.0,0.0
38400,14,mid,20,7,0.3,2,1,200,0.0,14117,200,0.577,0.028,False,32568131.0,0.3,0.0,0.0
38400,14,mid,20,7,0.5,0,1,200,0.0,14012,200,0.545,0.027,False,30716330.0,0.5,0.0,0.0
38400,14,mid,20,7,0.5,1,1,200,0.0,13285,200,0.574,0.027,False,29801514.0,0.5,0.0,0.0
38400,14,mid,20,7,0.5,2,1,200,0.0,14117,200,0.577,0.027,False,32568131.0,0.5,0.0,0.0
38400,14,mid,20,7,0.7,0,1,200,0.0,14012,200,0.545,0.027,False,30716330.0,0.7,0.0,0.0
38400,14,mid,20,7,0.7,1,1,200,0.0,13285,200,0.574,0.027,False,29801514.0,0.7,0.0,0.0
38400,14,mid,20,7,0.7,2,1,200,0.0,14117,200,0.577,0.027,False,32568131.0,0.7,0.0,0.0
38400,14,mid,20,14,0.3,0,1,200,0.0,14012,200,0.545,0.029,False,30716330.0,0.3,0.0,0.0
38400,14,mid,20,14,0.3,1,1,200,0.0,13285,200,0.574,0.029,False,29801514.0,0.3,0.0,0.0
38400,14,mid,20,14,0.3,2,1,200,0.0,14117,200,0.577,0.029,False,32568131.0,0.3,0.0,0.0
38400,14,mid,20,14,0.5,0,1,200,0.0,14012,200,0.545,0.028,False,30716330.0,0.5,0.0,0.0
38400,14,mid,20,14,0.5,1,1,200,0.0,13285,200,0.574,0.028,False,29801514.0,0.5,0.0,0.0
38400,14,mid,20,14,0.5,2,1,200,0.0,14117,200,0.577,0.028,False,32568131.0,0.5,0.0,0.0
38400,14,mid,20,14,0.7,0,1,200,0.0,14012,200,0.545,0.028,False,30716330.0,0.7,0.0,0.0
38400,14,mid,20,14,0.7,1,1,200,0.0,13285,200,0.574,0.028,False,29801514.0,0.7,0.0,0.0
38400,14,mid,20,14,0.7,2,1,200,0.0,14117,200,0.577,0.027,False,32568131.0,0.7,0.0,0.0
38400,14,mid,50,7,0.3,0,18,200,6.7,65133,200,0.555,0.194,False,218181296.0,0.3,0.0,0.0
38400,14,mid,50,7,0.3,1,17,200,6.0,72086,200,0.581,0.205,False,208595667.0,0.3,0.0,0.0
38400,14,mid,50,7,0.3,2,18,200,4.3,65970,200,0.597,0.19,False,219637124.0,0.3,0.0,0.0
38400,14,mid,50,7,0.5,0,1,200,0.0,14038,200,0.563,0.061,False,31926280.0,0.5,0.0,0.0
38400,14,mid,50,7,0.5,1,4,200,0.0,13792,200,0.633,0.137,False,53822633.0,0.5,0.0,0.0
38400,14,mid,50,7,0.5,2,1,200,0.0,14117,200,0.577,0.029,False,32568131.0,0.5,0.0,0.0
38400,14,mid,50,7,0.7,0,1,200,0.0,14012,200,0.545,0.028,False,30716330.0,0.7,0.0,0.0
38400,14,mid,50,7,0.7,1,1,200,0.0,13285,200,0.574,0.028,False,29801514.0,0.7,0.0,0.0
38400,14,mid,50,7,0.7,2,1,200,0.0,14117,200,0.577,0.028,False,32568131.0,0.7,0.0,0.0
38400,14,mid,50,14,0.3,0,19,200,11.7,53378,200,0.558,0.208,False,208573097.0,0.3,0.0,0.0
38400,14,mid,50,14,0.3,1,19,200,8.7,60936,200,0.587,0.219,False,201256513.0,0.3,0.0,0.0
38400,14,mid,50,14,0.3,2,19,200,6.0,53977,200,0.602,0.202,False,208647117.0,0.3,0.0,0.0
38400,14,mid,50,14,0.5,0,1,200,0.0,14012,200,0.545,0.03,False,30716330.0,0.5,0.0,0.0
38400,14,mid,50,14,0.5,1,1,200,0.0,13304,200,0.575,0.078,False,30802229.0,0.5,0.0,0.0
38400,14,mid,50,14,0.5,2,1,200,0.0,14117,200,0.577,0.03,False,32568131.0,0.5,0.0,0.0
38400,14,mid,50,14,0.7,0,1,200,0.0,14012,200,0.545,0.029,False,30716330.0,0.7,0.0,0.0
38400,14,mid,50,14,0.7,1,1,200,0.0,13285,200,0.574,0.029,False,29801514.0,0.7,0.0,0.0
38400,14,mid,50,14,0.7,2,1,200,0.0,14117,200,0.577,0.029,False,32568131.0,0.7,0.0,0.0
38400,14,jackpot,20,7,0.3,0,12,200,5.7,1465,200,0.738,0.095,False,109464441.0,0.3,0.0,0.0
38400,14,jackpot,20,7,0.3,1,1,200,0.0,240,200,0.572,0.028,False,35501616.0,0.3,0.0,0.0
38400,14,jackpot,20,7,0.3,2,1,200,0.0,269,200,0.589,0.029,False,25617086.0,0.3,0.0,0.0
38400,14,jackpot,20,7,0.5,0,1,200,0.0,270,200,0.627,0.028,False,28667438.0,0.5,0.0,0.0
38400,14,jackpot,20,7,0.5,1,1,200,0.0,240,200,0.572,0.027,False,35501616.0,0.5,0.0,0.0
38400,14,jackpot,20,7,0.5,2,1,200,0.0,269,200,0.589,0.028,False,25617086.0,0.5,0.0,0.0
38400,14,jackpot,20,7,0.7,0,1,200,0.0,266,200,0.625,0.027,False,28532082.0,0.7,0.0,0.0
38400,14,jackpot,20,7,0.7,1,1,200,0.0,240,200,0.572,0.026,False,35501616.0,0.7,0.0,0.0
38400,14,jackpot,20,7,0.7,2,1,200,0.0,269,200,0.59,0.028,False,25617086.0,0.7,0.0,0.0
38400,14,jackpot,20,14,0.3,0,1,200,0.0,273,200,0.656,0.03,False,30599693.0,0.3,0.0,0.0
38400,14,jackpot,20,14,0.3,1,1,200,0.0,239,200,0.573,0.029,False,35453761.0,0.3,0.0,0.0
38400,14,jackpot,20,14,0.3,2,1,200,0.0,260,200,0.586,0.03,False,25203897.0,0.3,0.0,0.0
38400,14,jackpot,20,14,0.5,0,1,200,0.0,270,200,0.627,0.029,False,28667438.0,0.5,0.0,0.0
38400,14,jackpot,20,14,0.5,1,1,200,0.0,239,200,0.573,0.028,False,35453761.0,0.5,0.0,0.0
38400,14,jackpot,20,14,0.5,2,1,200,0.0,258,200,0.584,0.029,False,25098223.0,0.5,0.0,0.0
38400,14,jackpot,20,14,0.7,0,1,200,0.0,270,200,0.627,0.028,False,28667438.0,0.7,0.0,0.0
38400,14,jackpot,20,14,0.7,1,1,200,0.0,238,200,0.574,0.027,False,35395424.0,0.7,0.0,0.0
38400,14,jackpot,20,14,0.7,2,1,200,0.0,258,200,0.584,0.028,False,25098223.0,0.7,0.0,0.0
38400,14,jackpot,50,7,0.3,0,23,200,25.7,4369,200,0.553,0.127,False,349866031.0,0.3,0.0,0.0
38400,14,jackpot,50,7,0.3,1,21,200,17.3,3773,200,0.584,0.124,False,322566370.0,0.3,0.0,0.0
38400,14,jackpot,50,7,0.3,2,24,200,31.0,4700,200,0.593,0.129,False,340198161.0,0.3,0.0,0.0
38400,14,jackpot,50,7,0.5,0,16,200,3.3,3117,200,0.561,0.089,False,294087980.0,0.5,0.0,0.0
38400,14,jackpot,50,7,0.5,1,1,200,0.0,241,200,0.572,0.029,False,35544960.0,0.5,0.0,0.0
38400,14,jackpot,50,7,0.5,2,16,200,3.3,3076,200,0.616,0.086,False,241371453.0,0.5,0.0,0.0
38400,14,jackpot,50,7,0.7,0,2,200,1.0,888,200,0.769,0.059,False,77856174.0,0.7,0.0,0.0
38400,14,jackpot,50,7,0.7,1,1,200,0.0,240,200,0.572,0.028,False,35501616.0,0.7,0.0,0.0
38400,14,jackpot,50,7,0.7,2,1,200,0.0,269,200,0.589,0.029,False,25617086.0,0.7,0.0,0.0
38400,14,jackpot,50,14,0.3,0,24,200,30.3,4517,200,0.554,0.133,False,353481233.0,0.3,0.0,0.0
38400,14,jackpot,50,14,0.3,1,21,200,18.7,3741,200,0.587,0.125,False,323374591.0,0.3,0.0,0.0
38400,14,jackpot,50,14,0.3,2,24,200,32.3,4728,200,0.595,0.132,False,349053929.0,0.3,0.0,0.0
38400,14,jackpot,50,14,0.5,0,18,200,5.7,3215,200,0.564,0.095,False,292129688.0,0.5,0.0,0.0
38400,14,jackpot,50,14,0.5,1,1,200,0.0,239,200,0.573,0.03,False,35453761.0,0.5,0.0,0.0
38400,14,jackpot,50,14,0.5,2,15,200,3.3,2768,200,0.637,0.084,False,230822492.0,0.5,0.0,0.0
38400,14,jackpot,50,14,0.7,0,1,200,0.0,273,200,0.656,0.03,False,30599693.0,0.7,0.0,0.0
38400,14,jackpot,50,14,0.7,1,1,200,0.0,239,200,0.573,0.029,False,35453761.0,0.7,0.0,0.0
38400,14,jackpot,50,14,0.7,2,1,200,0.0,260,200,0.586,0.03,False,25203897.0,0.7,0.0,0.0
38400,30,diffuse,20,7,0.3,0,12,200,0.0,75031,200,0.551,0.02,False,122960310.0,0.3,0.0,0.0
38400,30,diffuse,20,7,0.3,1,12,200,11.0,14978,200,0.671,0.164,False,84013925.0,0.3,0.0,0.0
38400,30,diffuse,20,7,0.3,2,1,200,0.0,14159,200,0.598,0.086,False,23173295.0,0.3,0.0,0.0
38400,30,diffuse,20,7,0.5,0,1,200,0.0,14012,200,0.545,0.028,False,20477553.0,0.5,0.0,0.0
38400,30,diffuse,20,7,0.5,1,1,200,0.0,13285,200,0.574,0.028,False,19867676.0,0.5,0.0,0.0
38400,30,diffuse,20,7,0.5,2,1,200,0.0,14117,200,0.577,0.028,False,21712087.0,0.5,0.0,0.0
38400,30,diffuse,20,7,0.7,0,1,200,0.0,14012,200,0.545,0.028,False,20477553.0,0.7,0.0,0.0
38400,30,diffuse,20,7,0.7,1,1,200,0.0,13285,200,0.574,0.028,False,19867676.0,0.7,0.0,0.0
38400,30,diffuse,20,7,0.7,2,1,200,0.0,14117,200,0.577,0.027,False,21712087.0,0.7,0.0,0.0
38400,30,diffuse,20,14,0.3,0,25,200,161.0,151303,200,0.554,0.427,True,223837184.0,0.3,0.0,0.0
38400,30,diffuse,20,14,0.3,1,29,200,83.0,16452,200,0.685,0.263,False,120781278.0,0.3,0.0,0.0
38400,30,diffuse,20,14,0.3,2,1,200,0.0,14117,200,0.577,0.034,False,21712087.0,0.3,0.0,0.0
38400,30,diffuse,20,14,0.5,0,1,200,0.0,14012,200,0.545,0.029,False,20477553.0,0.5,0.0,0.0
38400,30,diffuse,20,14,0.5,1,1,200,0.0,13285,200,0.574,0.029,False,19867676.0,0.5,0.0,0.0
38400,30,diffuse,20,14,0.5,2,1,200,0.0,14117,200,0.577,0.029,False,21712087.0,0.5,0.0,0.0
38400,30,diffuse,20,14,0.7,0,1,200,0.0,14012,200,0.545,0.028,False,20477553.0,0.7,0.0,0.0
38400,30,diffuse,20,14,0.7,1,1,200,0.0,13285,200,0.574,0.029,False,19867676.0,0.7,0.0,0.0
38400,30,diffuse,20,14,0.7,2,1,200,0.0,14117,200,0.577,0.028,False,21712087.0,0.7,0.0,0.0
38400,30,diffuse,50,7,0.3,0,24,200,42.0,77703,200,0.56,0.214,False,201487364.0,0.3,0.0,0.0
38400,30,diffuse,50,7,0.3,1,23,200,41.3,83659,200,0.592,0.223,False,192395074.0,0.3,0.0,0.0
38400,30,diffuse,50,7,0.3,2,24,200,45.0,78819,200,0.602,0.212,False,203285607.0,0.3,0.0,0.0
38400,30,diffuse,50,7,0.5,0,18,200,23.0,29043,200,0.578,0.177,False,138697164.0,0.5,0.0,0.0
38400,30,diffuse,50,7,0.5,1,17,200,22.0,38092,200,0.606,0.189,False,130983812.0,0.5,0.0,0.0
38400,30,diffuse,50,7,0.5,2,18,200,22.0,28974,200,0.627,0.171,False,137231328.0,0.5,0.0,0.0
38400,30,diffuse,50,7,0.7,0,8,200,10.0,15176,200,0.708,0.146,False,60958147.0,0.7,0.0,0.0
38400,30,diffuse,50,7,0.7,1,11,200,9.7,14764,200,0.698,0.161,False,75815404.0,0.7,0.0,0.0
38400,30,diffuse,50,7,0.7,2,1,200,0.0,14117,200,0.577,0.029,False,21712087.0,0.7,0.0,0.0
38400,30,diffuse,50,14,0.3,0,26,200,51.3,65940,200,0.564,0.225,False,198180400.0,0.3,0.0,0.0
38400,30,diffuse,50,14,0.3,1,26,200,52.7,62291,200,0.596,0.24,False,184367873.0,0.3,0.0,0.0
38400,30,diffuse,50,14,0.3,2,26,200,53.3,66897,200,0.605,0.223,False,199787249.0,0.3,0.0,0.0
38400,30,diffuse,50,14,0.5,0,19,200,26.0,29015,200,0.587,0.184,False,137000999.0,0.5,0.0,0.0
38400,30,diffuse,50,14,0.5,1,19,200,25.0,27375,200,0.625,0.198,False,127877620.0,0.5,0.0,0.0
38400,30,diffuse,50,14,0.5,2,20,200,28.7,17161,200,0.641,0.18,False,130223107.0,0.5,0.0,0.0
38400,30,diffuse,50,14,0.7,0,1,200,2.3,14182,200,0.605,0.123,False,26025872.0,0.7,0.0,0.0
38400,30,diffuse,50,14,0.7,1,1,200,17.7,14012,200,0.68,0.175,False,44864689.0,0.7,0.0,0.0
38400,30,diffuse,50,14,0.7,2,1,200,0.0,14117,200,0.577,0.03,False,21712087.0,0.7,0.0,0.0
38400,30,mid,20,7,0.3,0,1,200,0.0,14012,200,0.545,0.028,False,30716330.0,0.3,0.0,0.0
38400,30,mid,20,7,0.3,1,1,200,0.0,13285,200,0.574,0.028,False,29801514.0,0.3,0.0,0.0
38400,30,mid,20,7,0.3,2,1,200,0.0,14117,200,0.577,0.028,False,32568131.0,0.3,0.0,0.0
38400,30,mid,20,7,0.5,0,1,200,0.0,14012,200,0.545,0.027,False,30716330.0,0.5,0.0,0.0
38400,30,mid,20,7,0.5,1,1,200,0.0,13285,200,0.574,0.027,False,29801514.0,0.5,0.0,0.0
38400,30,mid,20,7,0.5,2,1,200,0.0,14117,200,0.577,0.027,False,32568131.0,0.5,0.0,0.0
38400,30,mid,20,7,0.7,0,1,200,0.0,14012,200,0.545,0.027,False,30716330.0,0.7,0.0,0.0
38400,30,mid,20,7,0.7,1,1,200,0.0,13285,200,0.574,0.027,False,29801514.0,0.7,0.0,0.0
38400,30,mid,20,7,0.7,2,1,200,0.0,14117,200,0.577,0.027,False,32568131.0,0.7,0.0,0.0
38400,30,mid,20,14,0.3,0,1,200,0.0,14012,200,0.545,0.029,False,30716330.0,0.3,0.0,0.0
38400,30,mid,20,14,0.3,1,1,200,0.0,13285,200,0.574,0.029,False,29801514.0,0.3,0.0,0.0
38400,30,mid,20,14,0.3,2,1,200,0.0,14117,200,0.577,0.029,False,32568131.0,0.3,0.0,0.0
38400,30,mid,20,14,0.5,0,1,200,0.0,14012,200,0.545,0.028,False,30716330.0,0.5,0.0,0.0
38400,30,mid,20,14,0.5,1,1,200,0.0,13285,200,0.574,0.028,False,29801514.0,0.5,0.0,0.0
38400,30,mid,20,14,0.5,2,1,200,0.0,14117,200,0.577,0.028,False,32568131.0,0.5,0.0,0.0
38400,30,mid,20,14,0.7,0,1,200,0.0,14012,200,0.545,0.028,False,30716330.0,0.7,0.0,0.0
38400,30,mid,20,14,0.7,1,1,200,0.0,13285,200,0.574,0.028,False,29801514.0,0.7,0.0,0.0
38400,30,mid,20,14,0.7,2,1,200,0.0,14117,200,0.577,0.027,False,32568131.0,0.7,0.0,0.0
38400,30,mid,50,7,0.3,0,24,200,44.3,77917,200,0.559,0.144,False,304533307.0,0.3,0.0,0.0
38400,30,mid,50,7,0.3,1,23,200,43.7,83933,200,0.591,0.151,False,291013017.0,0.3,0.0,0.0
38400,30,mid,50,7,0.3,2,24,200,45.0,78823,200,0.602,0.142,False,305112448.0,0.3,0.0,0.0
38400,30,mid,50,7,0.5,0,1,200,1.0,14069,200,0.58,0.061,False,33562301.0,0.5,0.0,0.0
38400,30,mid,50,7,0.5,1,12,200,17.7,14558,200,0.682,0.116,False,97094090.0,0.5,0.0,0.0
38400,30,mid,50,7,0.5,2,1,200,0.0,14117,200,0.577,0.029,False,32568131.0,0.5,0.0,0.0
38400,30,mid,50,7,0.7,0,1,200,0.0,14012,200,0.545,0.028,False,30716330.0,0.7,0.0,0.0
38400,30,mid,50,7,0.7,1,1,200,0.0,13285,200,0.574,0.028,False,29801514.0,0.7,0.0,0.0
38400,30,mid,50,7,0.7,2,1,200,0.0,14117,200,0.577,0.028,False,32568131.0,0.7,0.0,0.0
38400,30,mid,50,14,0.3,0,26,200,53.3,65996,200,0.563,0.151,False,298742361.0,0.3,0.0,0.0
38400,30,mid,50,14,0.3,1,26,200,54.3,62370,200,0.597,0.161,False,279939124.0,0.3,0.0,0.0
38400,30,mid,50,14,0.3,2,26,200,52.7,66717,200,0.608,0.148,False,299328379.0,0.3,0.0,0.0
38400,30,mid,50,14,0.5,0,1,200,0.0,14012,200,0.545,0.03,False,30716330.0,0.5,0.0,0.0
38400,30,mid,50,14,0.5,1,1,200,1.3,13342,200,0.598,0.078,False,32705007.0,0.5,0.0,0.0
38400,30,mid,50,14,0.5,2,1,200,0.0,14117,200,0.577,0.03,False,32568131.0,0.5,0.0,0.0
38400,30,mid,50,14,0.7,0,1,200,0.0,14012,200,0.545,0.029,False,30716330.0,0.7,0.0,0.0
38400,30,mid,50,14,0.7,1,1,200,0.0,13285,200,0.574,0.029,False,29801514.0,0.7,0.0,0.0
38400,30,mid,50,14,0.7,2,1,200,0.0,14117,200,0.577,0.029,False,32568131.0,0.7,0.0,0.0
38400,30,jackpot,20,7,0.3,0,25,200,87.7,4280,200,0.567,0.088,False,415674620.0,0.3,0.0,0.0
38400,30,jackpot,20,7,0.3,1,1,200,0.0,242,200,0.572,0.028,False,35621231.0,0.3,0.0,0.0
38400,30,jackpot,20,7,0.3,2,1,200,0.0,304,200,0.613,0.029,False,27402824.0,0.3,0.0,0.0
38400,30,jackpot,20,7,0.5,0,1,200,1.0,293,200,0.686,0.028,False,32948475.0,0.5,0.0,0.0
38400,30,jackpot,20,7,0.5,1,1,200,0.0,242,200,0.572,0.027,False,35621231.0,0.5,0.0,0.0
38400,30,jackpot,20,7,0.5,2,1,200,0.0,299,200,0.611,0.028,False,27195473.0,0.5,0.0,0.0
38400,30,jackpot,20,7,0.7,0,1,200,0.7,291,200,0.685,0.027,False,32879216.0,0.7,0.0,0.0
38400,30,jackpot,20,7,0.7,1,1,200,0.0,242,200,0.572,0.026,False,35621231.0,0.7,0.0,0.0
38400,30,jackpot,20,7,0.7,2,1,200,0.0,296,200,0.609,0.028,False,27065554.0,0.7,0.0,0.0
38400,30,jackpot,20,14,0.3,0,1,200,1.0,293,200,0.686,0.03,False,32948475.0,0.3,0.0,0.0
38400,30,jackpot,20,14,0.3,1,1,200,0.0,243,200,0.572,0.029,False,35663865.0,0.3,0.0,0.0
38400,30,jackpot,20,14,0.3,2,1,200,0.0,309,200,0.616,0.031,False,27599903.0,0.3,0.0,0.0
38400,30,jackpot,20,14,0.5,0,1,200,1.0,293,200,0.686,0.029,False,32948475.0,0.5,0.0,0.0
38400,30,jackpot,20,14,0.5,1,1,200,0.0,242,200,0.572,0.028,False,35621231.0,0.5,0.0,0.0
38400,30,jackpot,20,14,0.5,2,1,200,0.0,304,200,0.613,0.03,False,27402824.0,0.5,0.0,0.0
38400,30,jackpot,20,14,0.7,0,1,200,1.0,293,200,0.686,0.028,False,32948475.0,0.7,0.0,0.0
38400,30,jackpot,20,14,0.7,1,1,200,0.0,242,200,0.572,0.027,False,35621231.0,0.7,0.0,0.0
38400,30,jackpot,20,14,0.7,2,1,200,0.0,303,200,0.613,0.029,False,27362115.0,0.7,0.0,0.0
38400,30,jackpot,50,7,0.3,0,30,200,84.0,5271,200,0.555,0.089,False,519623543.0,0.3,0.0,0.0
38400,30,jackpot,50,7,0.3,1,30,200,81.7,4751,200,0.593,0.09,False,474101106.0,0.3,0.0,0.0
38400,30,jackpot,50,7,0.3,2,30,200,90.7,5541,200,0.598,0.09,False,507972671.0,0.3,0.0,0.0
38400,30,jackpot,50,7,0.5,0,22,200,36.0,3990,200,0.567,0.066,False,411561446.0,0.5,0.0,0.0
38400,30,jackpot,50,7,0.5,1,1,200,0.0,242,200,0.572,0.029,False,35621231.0,0.5,0.0,0.0
38400,30,jackpot,50,7,0.5,2,21,200,34.0,3957,200,0.624,0.063,False,363934520.0,0.5,0.0,0.0
38400,30,jackpot,50,7,0.7,0,9,200,14.0,1517,200,0.762,0.051,False,139940097.0,0.7,0.0,0.0
38400,30,jackpot,50,7,0.7,1,1,200,0.0,242,200,0.572,0.028,False,35621231.0,0.7,0.0,0.0
38400,30,jackpot,50,7,0.7,2,1,200,0.0,303,200,0.613,0.029,False,27362115.0,0.7,0.0,0.0
38400,30,jackpot,50,14,0.3,0,30,200,83.3,5297,200,0.556,0.089,False,540978122.0,0.3,0.0,0.0
38400,30,jackpot,50,14,0.3,1,30,200,85.7,4776,200,0.594,0.091,False,474633374.0,0.3,0.0,0.0
38400,30,jackpot,50,14,0.3,2,30,200,95.0,5635,200,0.598,0.094,False,503931486.0,0.3,0.0,0.0
38400,30,jackpot,50,14,0.5,0,23,200,38.3,4028,200,0.573,0.067,False,423447010.0,0.5,0.0,0.0
38400,30,jackpot,50,14,0.5,1,1,200,0.0,243,200,0.572,0.03,False,35663865.0,0.5,0.0,0.0
38400,30,jackpot,50,14,0.5,2,21,200,31.3,3694,200,0.642,0.062,False,357125038.0,0.5,0.0,0.0
38400,30,jackpot,50,14,0.7,0,1,200,1.0,293,200,0.686,0.03,False,32948475.0,0.7,0.0,0.0
38400,30,jackpot,50,14,0.7,1,1,200,0.0,243,200,0.572,0.029,False,35663865.0,0.7,0.0,0.0
38400,30,jackpot,50,14,0.7,2,1,200,0.0,307,200,0.615,0.03,False,27522162.0,0.7,0.0,0.0
